<?xml version="1.0" encoding="windows-1252" ?>
<GateDocument>
<!-- The document's features-->

<GateDocumentFeatures>
<Feature>
  <Name className="java.lang.String">entitySet</Name>
  <Value className="java.lang.String">==== FILE: /Z:/Corpus/ft-us-air-10-aug-2001.html
</Value>
</Feature>
<Feature>
  <Name className="java.lang.String">gate.SourceURL</Name>
  <Value className="java.lang.String">file:/Z:/Corpus/ft-us-air-10-aug-2001.html</Value>
</Feature>
<Feature>
  <Name className="java.lang.String">gate.NAME</Name>
  <Value className="java.lang.String">doc5</Value>
</Feature>
<Feature>
  <Name className="java.lang.String">MimeType</Name>
  <Value className="java.lang.String">text/html</Value>
</Feature>
</GateDocumentFeatures>
<!-- The document content area with serialized nodes -->

<TextWithNodes><Node id="0"/>US Airways<Node id="10"/>, whose plans to merge with <Node id="38"/>United Airlines<Node id="53"/> collapsed <Node id="64"/>last month<Node id="74"/>, warned on <Node id="86"/>Friday<Node id="92"/> its net loss for the <Node id="114"/>third quarter<Node id="127"/> would be more than <Node id="147"/>$160m<Node id="152"/> before unusual items.<Node id="174"/>

<Node id="176"/>The airline, which outlined an expected downturn in its <Node id="232"/>second-quarter<Node id="246"/> results <Node id="255"/>last month<Node id="265"/>, said it remained under pressure during the <Node id="310"/>third quarter<Node id="323"/>. The airline said: &quot;As businesses are reacting to softening economic conditions and declining consumer confidence, the company continues to experience weakness in business travel, as seen in the decline of close-in business bookings.&quot;<Node id="558"/>

<Node id="560"/>US Airways<Node id="570"/> also said it expected to take a pre-tax charge of about <Node id="627"/>$405m<Node id="632"/> in the <Node id="640"/>third quarter<Node id="653"/> to write down its fleet of Fokker 100, <Node id="693"/>Boeing<Node id="699"/> 737-200 and MD-80 aircraft and other related assets.<Node id="752"/>

<Node id="754"/>In <Node id="757"/>morning<Node id="764"/> trade, <Node id="772"/>US Airways<Node id="782"/> shares were down from <Node id="805"/>$18.28<Node id="811"/> to <Node id="815"/>$17.81<Node id="821"/>.<Node id="822"/>
<Node id="823"/></TextWithNodes>
<!-- The default annotation set -->

<AnnotationSet>
</AnnotationSet>
<!-- Named annotation set -->

<AnnotationSet Name="Key" >
<Annotation Id="15" Type="Date" StartNode="757" EndNode="764">
<Feature>
  <Name className="java.lang.String">kind</Name>
  <Value className="java.lang.String">date</Value>
</Feature>
</Annotation>
<Annotation Id="4" Type="Date" StartNode="86" EndNode="92">
<Feature>
  <Name className="java.lang.String">rule1</Name>
  <Value className="java.lang.String">GazDate</Value>
</Feature>
<Feature>
  <Name className="java.lang.String">rule2</Name>
  <Value className="java.lang.String">DateOnlyFinal</Value>
</Feature>
<Feature>
  <Name className="java.lang.String">kind</Name>
  <Value className="java.lang.String">date</Value>
</Feature>
</Annotation>
<Annotation Id="8" Type="Money" StartNode="147" EndNode="152">
<Feature>
  <Name className="java.lang.String">rule</Name>
  <Value className="java.lang.String">MoneySymbolUnit</Value>
</Feature>
<Feature>
  <Name className="java.lang.String">kind</Name>
  <Value className="java.lang.String">number</Value>
</Feature>
</Annotation>
<Annotation Id="11" Type="Date" StartNode="232" EndNode="246">
<Feature>
  <Name className="java.lang.String">kind</Name>
  <Value className="java.lang.String">date</Value>
</Feature>
</Annotation>
<Annotation Id="16" Type="Money" StartNode="805" EndNode="811">
</Annotation>
<Annotation Id="3" Type="Organization" StartNode="693" EndNode="699">
<Feature>
  <Name className="java.lang.String">rule1</Name>
  <Value className="java.lang.String">GazOrganization</Value>
</Feature>
<Feature>
  <Name className="java.lang.String">rule2</Name>
  <Value className="java.lang.String">OrgFinal</Value>
</Feature>
<Feature>
  <Name className="java.lang.String">orgType</Name>
  <Value className="java.lang.String">company</Value>
</Feature>
</Annotation>
<Annotation Id="7" Type="Money" StartNode="627" EndNode="632">
<Feature>
  <Name className="java.lang.String">rule</Name>
  <Value className="java.lang.String">MoneySymbolUnit</Value>
</Feature>
<Feature>
  <Name className="java.lang.String">kind</Name>
  <Value className="java.lang.String">number</Value>
</Feature>
</Annotation>
<Annotation Id="12" Type="Date" StartNode="255" EndNode="265">
<Feature>
  <Name className="java.lang.String">kind</Name>
  <Value className="java.lang.String">date</Value>
</Feature>
</Annotation>
<Annotation Id="2" Type="Organization" StartNode="0" EndNode="10">
</Annotation>
<Annotation Id="13" Type="Date" StartNode="310" EndNode="323">
<Feature>
  <Name className="java.lang.String">kind</Name>
  <Value className="java.lang.String">date</Value>
</Feature>
</Annotation>
<Annotation Id="9" Type="Date" StartNode="64" EndNode="74">
<Feature>
  <Name className="java.lang.String">kind</Name>
  <Value className="java.lang.String">date</Value>
</Feature>
</Annotation>
<Annotation Id="6" Type="Money" StartNode="815" EndNode="821">
<Feature>
  <Name className="java.lang.String">rule</Name>
  <Value className="java.lang.String">MoneySymbolUnit</Value>
</Feature>
<Feature>
  <Name className="java.lang.String">kind</Name>
  <Value className="java.lang.String">number</Value>
</Feature>
</Annotation>
<Annotation Id="1" Type="Organization" StartNode="560" EndNode="570">
</Annotation>
<Annotation Id="14" Type="Date" StartNode="640" EndNode="653">
<Feature>
  <Name className="java.lang.String">kind</Name>
  <Value className="java.lang.String">date</Value>
</Feature>
</Annotation>
<Annotation Id="10" Type="Date" StartNode="114" EndNode="127">
<Feature>
  <Name className="java.lang.String">kind</Name>
  <Value className="java.lang.String">date</Value>
</Feature>
</Annotation>
<Annotation Id="5" Type="Organization" StartNode="38" EndNode="53">
<Feature>
  <Name className="java.lang.String">rule1</Name>
  <Value className="java.lang.String">GazOrganization</Value>
</Feature>
<Feature>
  <Name className="java.lang.String">rule2</Name>
  <Value className="java.lang.String">OrgFinal</Value>
</Feature>
<Feature>
  <Name className="java.lang.String">orgType</Name>
  <Value className="java.lang.String">company</Value>
</Feature>
</Annotation>
<Annotation Id="0" Type="Organization" StartNode="772" EndNode="782">
</Annotation>
</AnnotationSet>
<!-- Named annotation set -->

<AnnotationSet Name="Original markups" >
<Annotation Id="59" Type="body" StartNode="0" EndNode="823">
<Feature>
  <Name className="java.lang.String">_implied_</Name>
  <Value className="java.lang.String">true</Value>
</Feature>
</Annotation>
<Annotation Id="34" Type="p" StartNode="754" EndNode="822">
</Annotation>
<Annotation Id="73" Type="TEXT" StartNode="0" EndNode="823">
</Annotation>
<Annotation Id="61" Type="html" StartNode="0" EndNode="823">
<Feature>
  <Name className="java.lang.String">_implied_</Name>
  <Value className="java.lang.String">true</Value>
</Feature>
</Annotation>
<Annotation Id="58" Type="table" StartNode="0" EndNode="823">
<Feature>
  <Name className="java.lang.String">vlink</Name>
  <Value className="java.lang.String">#330033</Value>
</Feature>
<Feature>
  <Name className="java.lang.String">marginheight</Name>
  <Value className="java.lang.String">0</Value>
</Feature>
<Feature>
  <Name className="java.lang.String">width</Name>
  <Value className="java.lang.String">618</Value>
</Feature>
<Feature>
  <Name className="java.lang.String">cellpadding</Name>
  <Value className="java.lang.String">0</Value>
</Feature>
<Feature>
  <Name className="java.lang.String">topmargin</Name>
  <Value className="java.lang.String">0</Value>
</Feature>
<Feature>
  <Name className="java.lang.String">leftmargin</Name>
  <Value className="java.lang.String">0</Value>
</Feature>
<Feature>
  <Name className="java.lang.String">cellspacing</Name>
  <Value className="java.lang.String">0</Value>
</Feature>
<Feature>
  <Name className="java.lang.String">marginwidth</Name>
  <Value className="java.lang.String">0</Value>
</Feature>
<Feature>
  <Name className="java.lang.String">link</Name>
  <Value className="java.lang.String">#330033</Value>
</Feature>
<Feature>
  <Name className="java.lang.String">border</Name>
  <Value className="java.lang.String">0</Value>
</Feature>
<Feature>
  <Name className="java.lang.String">bgcolor</Name>
  <Value className="java.lang.String">white</Value>
</Feature>
<Feature>
  <Name className="java.lang.String">alink</Name>
  <Value className="java.lang.String">#996600</Value>
</Feature>
</Annotation>
<Annotation Id="38" Type="font" StartNode="0" EndNode="823">
<Feature>
  <Name className="java.lang.String">class</Name>
  <Value className="java.lang.String">allWide</Value>
</Feature>
</Annotation>
<Annotation Id="37" Type="p" StartNode="0" EndNode="174">
</Annotation>
<Annotation Id="35" Type="p" StartNode="560" EndNode="752">
</Annotation>
<Annotation Id="49" Type="td" StartNode="0" EndNode="823">
<Feature>
  <Name className="java.lang.String">colspan</Name>
  <Value className="java.lang.String">2</Value>
</Feature>
</Annotation>
<Annotation Id="36" Type="p" StartNode="176" EndNode="558">
</Annotation>
<Annotation Id="50" Type="tr" StartNode="0" EndNode="823">
</Annotation>
<Annotation Id="39" Type="p" StartNode="0" EndNode="823">
</Annotation>
</AnnotationSet>
</GateDocument>