<?xml version="1.0" encoding="windows-1252" ?>
<GateDocument>
<!-- The document's features-->

<GateDocumentFeatures>
<Feature>
  <Name className="java.lang.String">entitySet</Name>
  <Value className="java.lang.String">==== FILE: /Z:/gatecorpora/news/business/clean/in-tesco-citywire-07-aug-2001.html
Location 4248 4250 UK
Location 2553 2555 UK
Date 3324 3328 June
Location 2155 2163 Thailand
Location 5977 5979 UK
Location 5842 5844 UK
Date 5558 5562 2002
Date 1966 1975 yesterday
Date 3650 3654 2000
Date 3140 3149 yesterday
Organization 0 26 Independent News News
Date 4573 4582 yesterday
Date 684 692 February
Date 3606 3615 September
Organization 5866 5871 Shell
Location 3525 3527 UK
Date 5951 5955 2001
Location 3423 3430 Britain
Date 2001 2011 next month
Location 303 305 UK
Location 2365 2367 UK
Date 253 267 07 August 2001
Date 1673 1705 first half of the financial year
Location 163 165 UK
Date 5108 5117 yesterday
Location 3753 3762 Singapore
Person 239 252 Stephen Foley
Location 2168 2179 South Korea
Organization 5764 5772 Airtours
</Value>
</Feature>
<Feature>
  <Name className="java.lang.String">gate.SourceURL</Name>
  <Value className="java.lang.String">file:/Z:/gatecorpora/news/business/clean/in-tesco-citywire-07-aug-2001.html</Value>
</Feature>
<Feature>
  <Name className="java.lang.String">MatchesAnnots</Name>
  <Value className="java.lang.String">{Key=[[2620, 2619, 2635, 2632, 2612, 2628, 2609, 2624], [2621, 2615, 2630, 2629]]}</Value>
</Feature>
<Feature>
  <Name className="java.lang.String">MimeType</Name>
  <Value className="java.lang.String">text/html</Value>
</Feature>
</GateDocumentFeatures>
<!-- The document content area with serialized nodes -->

<TextWithNodes><Node id="0"/>These are bountiful times for the <Node id="34"/>UK<Node id="36"/>&apos;s biggest grocers. The consumer has been food shopping in quantities not seen for many years, while the supermarkets have been operating an unofficial truce after the vicious price wars of recent times. It is making for heady sales growth and some impressive profits.

At the top of the food chain sits <Node id="340"/>Tesco<Node id="345"/>, headed by <Node id="357"/>Terry Leahy<Node id="368"/>. It made more than <Node id="388"/>£1bn<Node id="393"/> profit in the <Node id="408"/>year to February<Node id="424"/>, and has a <Node id="436"/>25 per cent<Node id="447"/> share of the market. Perversely, its shares have tracked only sideways since the <Node id="529"/>start of the year<Node id="546"/> while rivals such as <Node id="568"/>Safeway<Node id="575"/>, <Node id="577"/>Sainsbury<Node id="586"/>, and <Node id="592"/>Somerfield<Node id="602"/> have surged. The stores in this sibilant trio have been recovering from the damage inflicted on them by <Node id="707"/>Tesco<Node id="712"/> during the war years, and yet they seem to have been outpacing industry sales growth of more than <Node id="811"/>5 per cent<Node id="821"/> by a little less than <Node id="844"/>Tesco<Node id="849"/>.

These relative weaklings are highly vulnerable to a de-rating if the sector suddenly dips from investors&apos; favour  perhaps as fund managers regain the confidence to move back into growth stocks  or if food price inflation begins to ease. Is <Node id="1096"/>Tesco<Node id="1101"/> insulated, though? Probably not, since it has been bought by international investors as a proxy for the sector and sits on a toppy 19 times <Node id="1242"/>this year<Node id="1251"/>&apos;s forecast earnings.

The company is doing its bit for investor relations <Node id="1326"/>this week<Node id="1335"/>, calling in the <Node id="1352"/>City<Node id="1356"/>&apos;s retail sector analysts to guide them on how the <Node id="1407"/>first half of the financial year<Node id="1439"/> has shaped up. The analysts get to run their sales and profit forecasts past management, moving their numbers up or down depending on the expression on <Node id="1592"/>Tesco<Node id="1597"/> bosses&apos; faces. Companies are not allowed to make public profit forecasts of their own.

<Node id="1686"/>Tesco<Node id="1691"/> did say <Node id="1700"/>yesterday<Node id="1709"/> that interim figures due <Node id="1735"/>next month<Node id="1745"/> will be &quot;broadly in line with the current consensus&quot;. That means they will be very good.

<Node id="1836"/>Tesco<Node id="1841"/>&apos;s nascent overseas operations, particularly in <Node id="1889"/>Thailand<Node id="1897"/> and <Node id="1902"/>South Korea<Node id="1913"/>, had given cause for concern, and there was relief that these continue to be on track.

But some analysts came away feeling they had learnt <Node id="2054"/>Tesco<Node id="2059"/> was preparing itself for an end to the <Node id="2099"/>UK<Node id="2101"/> boom times. Behind closed doors, there was apparently talk of <Node id="2164"/>Tesco<Node id="2169"/> being prepared to &quot;reinvest in the consumer&quot;, and the company is undoubtedly in the best cash position to wage a new <Node id="2287"/>UK<Node id="2289"/> price war.

The shares, down <Node id="2319"/>3p<Node id="2321"/> to <Node id="2325"/>247.5p<Node id="2331"/>, remain the finest in the sector. While holders of other retail stocks should consider banking some of their recent profits, <Node id="2457"/>Tesco<Node id="2462"/> remains a strong hold for investors with a long-term view.

<Node id="2523"/>Inchcape<Node id="2531"/>

There has been a return to normality at car dealership <Node id="2588"/>Inchcape<Node id="2596"/> after a <Node id="2605"/>first half<Node id="2615"/> when it had to fight off demands from <Node id="2654"/>Guinness Peat<Node id="2667"/>, a <Node id="2671"/>10 per cent<Node id="2682"/>-shareholder, that the company should break itself up and return all the cash. It hasn&apos;t done so  it bought back <Node id="2797"/>£45m<Node id="2802"/> of shares to pacify investors dismayed by years of underperformance, but <Node id="2876"/>yesterday<Node id="2885"/>&apos;s interim figures represented a chance to focus at last on the performance of <Node id="2964"/>Inchcape<Node id="2972"/>&apos;s underlying business.

And it&apos;s not been bad. Pre-tax profits for the <Node id="3044"/>half-year ended June<Node id="3064"/> came in at <Node id="3076"/>£52.5m<Node id="3083"/>, <Node id="3085"/>75 per cent<Node id="3096"/> better than the miserable result <Node id="3130"/>a year ago<Node id="3140"/>, when the &quot;Rip-Off <Node id="3160"/>Britain<Node id="3167"/>&quot; campaign was discouraging new car purchases. Now, with car prices down some <Node id="3245"/>10 per cent<Node id="3256"/>, the <Node id="3262"/>UK<Node id="3264"/> driver is upgrading again, and pre-sales for the new registration vehicles in <Node id="3343"/>September<Node id="3352"/> are already ahead of the total in <Node id="3387"/>2000<Node id="3391"/>, with more than three weeks to go.

There was good news, too, from the southern hemisphere, where <Node id="3490"/>Singapore<Node id="3499"/>&apos;s taxi fleet is being converted to diesel and the Australian market has come out of the doldrums. The group has also been getting rid of underperforming businesses.

<Node id="3666"/>Inchcape<Node id="3674"/>&apos;s shares have come a long way, in large part thanks to <Node id="3730"/>Guinness Peat<Node id="3743"/>&apos;s intervention. The next leg of the recovery will be harder. It still has some divestments to make, and its performance in the eurozone in the <Node id="3887"/>first half<Node id="3897"/> was disappointing. The company plans to spend up to <Node id="3950"/>£60m<Node id="3955"/> on new car dealerships in the <Node id="3986"/>UK<Node id="3988"/>, focusing on the posh end of the market. And it has a <Node id="4043"/>£100m<Node id="4049"/> war chest for acquisitions in business services, such as transporting used cars or managing fleets of company vehicles.

<Node id="4171"/>UBS Warburg<Node id="4182"/>, the house broker, has upped its full-year profit forecast to <Node id="4245"/>£96m<Node id="4250"/>, giving an earnings per share figure of <Node id="4291"/>60p<Node id="4294"/>. Up <Node id="4299"/>19p<Node id="4302"/> to <Node id="4306"/>517.5p<Node id="4312"/> <Node id="4313"/>yesterday<Node id="4322"/>, the shares are therefore on a multiple of less than 9. That&apos;s not expensive, but <Node id="4405"/>Inchcape<Node id="4413"/> still has to prove it has definitively turned the corner.

<Node id="4473"/>Ultra Electronics<Node id="4490"/>

<Node id="4492"/>Ultra Electronics<Node id="4509"/>, maker of myriad gadgets for the defence sector, has seen global spending in its corner of the defence procurement industry rising inexorably as governments upgrade surveillance systems, counter the threat of coast-hugging submarines, or improve their &quot;battlespace IT&quot;  jargon for the data systems used to improve war planning.

Figures <Node id="4849"/>yesterday<Node id="4858"/> were bang in line with market expectations, showing pre-tax profits up <Node id="4930"/>6.5 per cent<Node id="4942"/> to <Node id="4946"/>£12.5m<Node id="4953"/>.

Some contracts have slipped, as they are wont to do in the industry. But <Node id="5029"/>Ultra<Node id="5034"/>&apos;s order book has swollen <Node id="5060"/>15 per cent<Node id="5071"/> since the <Node id="5082"/>start of the year<Node id="5099"/> and now stands at <Node id="5118"/>£316m<Node id="5124"/>. <Node id="5126"/>£200,000<Node id="5135"/> of its switches, pilot controls, and missile cooling systems will go into each of the 150 Eurofighters, whose production begins within weeks and gets ratcheted up in <Node id="5302"/>2002<Node id="5306"/>.

On a price-earnings ratio of 13 on forecasts for <Node id="5358"/>this year<Node id="5367"/>, the shares, up <Node id="5384"/>18p<Node id="5387"/> to <Node id="5391"/>425.5p<Node id="5397"/>, are far from stretched and are a long-term buy.<Node id="5446"/></TextWithNodes>
<!-- The default annotation set -->

<AnnotationSet>
</AnnotationSet>
<!-- Named annotation set -->

<AnnotationSet Name="Key" >
<Annotation Id="62" Type="Organization" StartNode="4171" EndNode="4182">
</Annotation>
<Annotation Id="15" Type="Percent" StartNode="4930" EndNode="4942">
<Feature>
  <Name className="java.lang.String">rule</Name>
  <Value className="java.lang.String">PercentBasic</Value>
</Feature>
</Annotation>
<Annotation Id="30" Type="Date" StartNode="2876" EndNode="2885">
<Feature>
  <Name className="java.lang.String">rule2</Name>
  <Value className="java.lang.String">DateOnlyFinal</Value>
</Feature>
<Feature>
  <Name className="java.lang.String">rule1</Name>
  <Value className="java.lang.String">GazDateWords</Value>
</Feature>
<Feature>
  <Name className="java.lang.String">matches</Name>
  <Value className="java.lang.String">[2621, 2615, 2630, 2629]</Value>
</Feature>
<Feature>
  <Name className="java.lang.String">kind</Name>
  <Value className="java.lang.String">date</Value>
</Feature>
</Annotation>
<Annotation Id="43" Type="Organization" StartNode="577" EndNode="586">
</Annotation>
<Annotation Id="16" Type="Money" StartNode="4946" EndNode="4953">
<Feature>
  <Name className="java.lang.String">rule</Name>
  <Value className="java.lang.String">MoneySymbolUnit</Value>
</Feature>
<Feature>
  <Name className="java.lang.String">kind</Name>
  <Value className="java.lang.String">number</Value>
</Feature>
</Annotation>
<Annotation Id="31" Type="Location" StartNode="3160" EndNode="3167">
<Feature>
  <Name className="java.lang.String">rule1</Name>
  <Value className="java.lang.String">Location1</Value>
</Feature>
<Feature>
  <Name className="java.lang.String">rule2</Name>
  <Value className="java.lang.String">LocFinal</Value>
</Feature>
<Feature>
  <Name className="java.lang.String">locType</Name>
  <Value className="java.lang.String">country</Value>
</Feature>
</Annotation>
<Annotation Id="48" Type="Date" StartNode="1326" EndNode="1335">
<Feature>
  <Name className="java.lang.String">kind</Name>
  <Value className="java.lang.String">date</Value>
</Feature>
</Annotation>
<Annotation Id="59" Type="Date" StartNode="3044" EndNode="3064">
<Feature>
  <Name className="java.lang.String">kind</Name>
  <Value className="java.lang.String">date</Value>
</Feature>
</Annotation>
<Annotation Id="32" Type="Location" StartNode="3262" EndNode="3264">
<Feature>
  <Name className="java.lang.String">rule2</Name>
  <Value className="java.lang.String">LocFinal</Value>
</Feature>
<Feature>
  <Name className="java.lang.String">rule1</Name>
  <Value className="java.lang.String">Location1</Value>
</Feature>
<Feature>
  <Name className="java.lang.String">matches</Name>
  <Value className="java.lang.String">[2620, 2619, 2635, 2632, 2612, 2628, 2609, 2624]</Value>
</Feature>
<Feature>
  <Name className="java.lang.String">locType</Name>
  <Value className="java.lang.String">country</Value>
</Feature>
</Annotation>
<Annotation Id="34" Type="Date" StartNode="3387" EndNode="3391">
<Feature>
  <Name className="java.lang.String">rule1</Name>
  <Value className="java.lang.String">YearContext1</Value>
</Feature>
<Feature>
  <Name className="java.lang.String">rule2</Name>
  <Value className="java.lang.String">DateOnlyFinal</Value>
</Feature>
<Feature>
  <Name className="java.lang.String">kind</Name>
  <Value className="java.lang.String">date</Value>
</Feature>
</Annotation>
<Annotation Id="73" Type="Location" StartNode="1352" EndNode="1356">
</Annotation>
<Annotation Id="41" Type="Person" StartNode="357" EndNode="368">
</Annotation>
<Annotation Id="70" Type="Date" StartNode="1242" EndNode="1251">
<Feature>
  <Name className="java.lang.String">kind</Name>
  <Value className="java.lang.String">date</Value>
</Feature>
</Annotation>
<Annotation Id="60" Type="Date" StartNode="3130" EndNode="3140">
<Feature>
  <Name className="java.lang.String">kind</Name>
  <Value className="java.lang.String">date</Value>
</Feature>
</Annotation>
<Annotation Id="61" Type="Organization" StartNode="3666" EndNode="3674">
</Annotation>
<Annotation Id="1" Type="Percent" StartNode="436" EndNode="447">
<Feature>
  <Name className="java.lang.String">rule</Name>
  <Value className="java.lang.String">PercentBasic</Value>
</Feature>
</Annotation>
<Annotation Id="29" Type="Location" StartNode="2287" EndNode="2289">
<Feature>
  <Name className="java.lang.String">rule2</Name>
  <Value className="java.lang.String">LocFinal</Value>
</Feature>
<Feature>
  <Name className="java.lang.String">rule1</Name>
  <Value className="java.lang.String">Location1</Value>
</Feature>
<Feature>
  <Name className="java.lang.String">matches</Name>
  <Value className="java.lang.String">[2620, 2619, 2635, 2632, 2612, 2628, 2609, 2624]</Value>
</Feature>
<Feature>
  <Name className="java.lang.String">locType</Name>
  <Value className="java.lang.String">country</Value>
</Feature>
</Annotation>
<Annotation Id="14" Type="Money" StartNode="4306" EndNode="4312">
<Feature>
  <Name className="java.lang.String">rule</Name>
  <Value className="java.lang.String">MoneyCurrencyUnit</Value>
</Feature>
<Feature>
  <Name className="java.lang.String">kind</Name>
  <Value className="java.lang.String">number</Value>
</Feature>
</Annotation>
<Annotation Id="68" Type="Date" StartNode="5358" EndNode="5367">
<Feature>
  <Name className="java.lang.String">kind</Name>
  <Value className="java.lang.String">date</Value>
</Feature>
</Annotation>
<Annotation Id="47" Type="Organization" StartNode="1096" EndNode="1101">
</Annotation>
<Annotation Id="75" Type="Date" StartNode="2605" EndNode="2615">
</Annotation>
<Annotation Id="58" Type="Organization" StartNode="2964" EndNode="2972">
</Annotation>
<Annotation Id="63" Type="Organization" StartNode="4405" EndNode="4413">
</Annotation>
<Annotation Id="18" Type="Money" StartNode="5118" EndNode="5124">
<Feature>
  <Name className="java.lang.String">rule</Name>
  <Value className="java.lang.String">MoneySymbolUnit</Value>
</Feature>
<Feature>
  <Name className="java.lang.String">kind</Name>
  <Value className="java.lang.String">number</Value>
</Feature>
</Annotation>
<Annotation Id="3" Type="Money" StartNode="2319" EndNode="2321">
<Feature>
  <Name className="java.lang.String">rule</Name>
  <Value className="java.lang.String">MoneyCurrencyUnit</Value>
</Feature>
<Feature>
  <Name className="java.lang.String">kind</Name>
  <Value className="java.lang.String">number</Value>
</Feature>
</Annotation>
<Annotation Id="66" Type="Organization" StartNode="5029" EndNode="5034">
</Annotation>
<Annotation Id="12" Type="Money" StartNode="4291" EndNode="4294">
<Feature>
  <Name className="java.lang.String">rule</Name>
  <Value className="java.lang.String">MoneyCurrencyUnit</Value>
</Feature>
<Feature>
  <Name className="java.lang.String">kind</Name>
  <Value className="java.lang.String">number</Value>
</Feature>
</Annotation>
<Annotation Id="27" Type="Location" StartNode="1902" EndNode="1913">
<Feature>
  <Name className="java.lang.String">rule1</Name>
  <Value className="java.lang.String">Location1</Value>
</Feature>
<Feature>
  <Name className="java.lang.String">rule2</Name>
  <Value className="java.lang.String">LocFinal</Value>
</Feature>
<Feature>
  <Name className="java.lang.String">locType</Name>
  <Value className="java.lang.String">country</Value>
</Feature>
</Annotation>
<Annotation Id="44" Type="Organization" StartNode="592" EndNode="602">
</Annotation>
<Annotation Id="64" Type="Organization" StartNode="4473" EndNode="4490">
</Annotation>
<Annotation Id="17" Type="Percent" StartNode="5060" EndNode="5071">
<Feature>
  <Name className="java.lang.String">rule</Name>
  <Value className="java.lang.String">PercentBasic</Value>
</Feature>
</Annotation>
<Annotation Id="2" Type="Percent" StartNode="811" EndNode="821">
<Feature>
  <Name className="java.lang.String">rule</Name>
  <Value className="java.lang.String">PercentBasic</Value>
</Feature>
</Annotation>
<Annotation Id="13" Type="Money" StartNode="4299" EndNode="4302">
<Feature>
  <Name className="java.lang.String">rule</Name>
  <Value className="java.lang.String">MoneyCurrencyUnit</Value>
</Feature>
<Feature>
  <Name className="java.lang.String">kind</Name>
  <Value className="java.lang.String">number</Value>
</Feature>
</Annotation>
<Annotation Id="28" Type="Location" StartNode="2099" EndNode="2101">
<Feature>
  <Name className="java.lang.String">rule2</Name>
  <Value className="java.lang.String">LocFinal</Value>
</Feature>
<Feature>
  <Name className="java.lang.String">rule1</Name>
  <Value className="java.lang.String">Location1</Value>
</Feature>
<Feature>
  <Name className="java.lang.String">matches</Name>
  <Value className="java.lang.String">[2620, 2619, 2635, 2632, 2612, 2628, 2609, 2624]</Value>
</Feature>
<Feature>
  <Name className="java.lang.String">locType</Name>
  <Value className="java.lang.String">country</Value>
</Feature>
</Annotation>
<Annotation Id="38" Type="Date" StartNode="4849" EndNode="4858">
<Feature>
  <Name className="java.lang.String">rule2</Name>
  <Value className="java.lang.String">DateOnlyFinal</Value>
</Feature>
<Feature>
  <Name className="java.lang.String">rule1</Name>
  <Value className="java.lang.String">GazDateWords</Value>
</Feature>
<Feature>
  <Name className="java.lang.String">matches</Name>
  <Value className="java.lang.String">[2621, 2615, 2630, 2629]</Value>
</Feature>
<Feature>
  <Name className="java.lang.String">kind</Name>
  <Value className="java.lang.String">date</Value>
</Feature>
</Annotation>
<Annotation Id="57" Type="Organization" StartNode="2588" EndNode="2596">
</Annotation>
<Annotation Id="37" Type="Date" StartNode="4313" EndNode="4322">
<Feature>
  <Name className="java.lang.String">rule2</Name>
  <Value className="java.lang.String">DateOnlyFinal</Value>
</Feature>
<Feature>
  <Name className="java.lang.String">rule1</Name>
  <Value className="java.lang.String">GazDateWords</Value>
</Feature>
<Feature>
  <Name className="java.lang.String">matches</Name>
  <Value className="java.lang.String">[2621, 2615, 2630, 2629]</Value>
</Feature>
<Feature>
  <Name className="java.lang.String">kind</Name>
  <Value className="java.lang.String">date</Value>
</Feature>
</Annotation>
<Annotation Id="51" Type="Organization" StartNode="1836" EndNode="1841">
</Annotation>
<Annotation Id="8" Type="Percent" StartNode="3245" EndNode="3256">
<Feature>
  <Name className="java.lang.String">rule</Name>
  <Value className="java.lang.String">PercentBasic</Value>
</Feature>
</Annotation>
<Annotation Id="23" Type="Date" StartNode="1407" EndNode="1439">
<Feature>
  <Name className="java.lang.String">rule1</Name>
  <Value className="java.lang.String">FiscalDate</Value>
</Feature>
<Feature>
  <Name className="java.lang.String">rule2</Name>
  <Value className="java.lang.String">DateOnlyFinal</Value>
</Feature>
<Feature>
  <Name className="java.lang.String">kind</Name>
  <Value className="java.lang.String">date</Value>
</Feature>
</Annotation>
<Annotation Id="40" Type="Organization" StartNode="340" EndNode="345">
</Annotation>
<Annotation Id="72" Type="Organization" StartNode="3730" EndNode="3743">
</Annotation>
<Annotation Id="35" Type="Location" StartNode="3490" EndNode="3499">
<Feature>
  <Name className="java.lang.String">rule1</Name>
  <Value className="java.lang.String">Location1</Value>
</Feature>
<Feature>
  <Name className="java.lang.String">rule2</Name>
  <Value className="java.lang.String">LocFinal</Value>
</Feature>
<Feature>
  <Name className="java.lang.String">locType</Name>
  <Value className="java.lang.String">city</Value>
</Feature>
</Annotation>
<Annotation Id="7" Type="Percent" StartNode="3085" EndNode="3096">
<Feature>
  <Name className="java.lang.String">rule</Name>
  <Value className="java.lang.String">PercentBasic</Value>
</Feature>
</Annotation>
<Annotation Id="71" Type="Organization" StartNode="2654" EndNode="2667">
</Annotation>
<Annotation Id="54" Type="Organization" StartNode="2457" EndNode="2462">
</Annotation>
<Annotation Id="49" Type="Organization" StartNode="1592" EndNode="1597">
</Annotation>
<Annotation Id="22" Type="Location" StartNode="34" EndNode="36">
<Feature>
  <Name className="java.lang.String">rule2</Name>
  <Value className="java.lang.String">LocFinal</Value>
</Feature>
<Feature>
  <Name className="java.lang.String">rule1</Name>
  <Value className="java.lang.String">Location1</Value>
</Feature>
<Feature>
  <Name className="java.lang.String">matches</Name>
  <Value className="java.lang.String">[2620, 2619, 2635, 2632, 2612, 2628, 2609, 2624]</Value>
</Feature>
<Feature>
  <Name className="java.lang.String">locType</Name>
  <Value className="java.lang.String">country</Value>
</Feature>
</Annotation>
<Annotation Id="53" Type="Organization" StartNode="2164" EndNode="2169">
</Annotation>
<Annotation Id="9" Type="Money" StartNode="3950" EndNode="3955">
<Feature>
  <Name className="java.lang.String">rule</Name>
  <Value className="java.lang.String">MoneySymbolUnit</Value>
</Feature>
<Feature>
  <Name className="java.lang.String">kind</Name>
  <Value className="java.lang.String">number</Value>
</Feature>
</Annotation>
<Annotation Id="65" Type="Organization" StartNode="4492" EndNode="4509">
</Annotation>
<Annotation Id="21" Type="Money" StartNode="5391" EndNode="5397">
<Feature>
  <Name className="java.lang.String">rule</Name>
  <Value className="java.lang.String">MoneyCurrencyUnit</Value>
</Feature>
<Feature>
  <Name className="java.lang.String">kind</Name>
  <Value className="java.lang.String">number</Value>
</Feature>
</Annotation>
<Annotation Id="33" Type="Date" StartNode="3343" EndNode="3352">
<Feature>
  <Name className="java.lang.String">rule1</Name>
  <Value className="java.lang.String">GazDate</Value>
</Feature>
<Feature>
  <Name className="java.lang.String">rule2</Name>
  <Value className="java.lang.String">DateOnlyFinal</Value>
</Feature>
<Feature>
  <Name className="java.lang.String">kind</Name>
  <Value className="java.lang.String">date</Value>
</Feature>
</Annotation>
<Annotation Id="6" Type="Money" StartNode="3076" EndNode="3083">
<Feature>
  <Name className="java.lang.String">rule</Name>
  <Value className="java.lang.String">MoneySymbolUnit</Value>
</Feature>
<Feature>
  <Name className="java.lang.String">kind</Name>
  <Value className="java.lang.String">number</Value>
</Feature>
</Annotation>
<Annotation Id="52" Type="Organization" StartNode="2054" EndNode="2059">
</Annotation>
<Annotation Id="24" Type="Date" StartNode="1700" EndNode="1709">
<Feature>
  <Name className="java.lang.String">rule2</Name>
  <Value className="java.lang.String">DateOnlyFinal</Value>
</Feature>
<Feature>
  <Name className="java.lang.String">rule1</Name>
  <Value className="java.lang.String">GazDateWords</Value>
</Feature>
<Feature>
  <Name className="java.lang.String">matches</Name>
  <Value className="java.lang.String">[2621, 2615, 2630, 2629]</Value>
</Feature>
<Feature>
  <Name className="java.lang.String">kind</Name>
  <Value className="java.lang.String">date</Value>
</Feature>
</Annotation>
<Annotation Id="42" Type="Organization" StartNode="568" EndNode="575">
</Annotation>
<Annotation Id="4" Type="Money" StartNode="2325" EndNode="2331">
<Feature>
  <Name className="java.lang.String">rule</Name>
  <Value className="java.lang.String">MoneyCurrencyUnit</Value>
</Feature>
<Feature>
  <Name className="java.lang.String">kind</Name>
  <Value className="java.lang.String">number</Value>
</Feature>
</Annotation>
<Annotation Id="19" Type="Money" StartNode="5126" EndNode="5135">
<Feature>
  <Name className="java.lang.String">rule</Name>
  <Value className="java.lang.String">MoneySymbolUnit</Value>
</Feature>
<Feature>
  <Name className="java.lang.String">kind</Name>
  <Value className="java.lang.String">number</Value>
</Feature>
</Annotation>
<Annotation Id="36" Type="Location" StartNode="3986" EndNode="3988">
<Feature>
  <Name className="java.lang.String">rule2</Name>
  <Value className="java.lang.String">LocFinal</Value>
</Feature>
<Feature>
  <Name className="java.lang.String">rule1</Name>
  <Value className="java.lang.String">Location1</Value>
</Feature>
<Feature>
  <Name className="java.lang.String">matches</Name>
  <Value className="java.lang.String">[2620, 2619, 2635, 2632, 2612, 2628, 2609, 2624]</Value>
</Feature>
<Feature>
  <Name className="java.lang.String">locType</Name>
  <Value className="java.lang.String">country</Value>
</Feature>
</Annotation>
<Annotation Id="55" Type="Percent" StartNode="2671" EndNode="2682">
</Annotation>
<Annotation Id="26" Type="Location" StartNode="1889" EndNode="1897">
<Feature>
  <Name className="java.lang.String">rule1</Name>
  <Value className="java.lang.String">Location1</Value>
</Feature>
<Feature>
  <Name className="java.lang.String">rule2</Name>
  <Value className="java.lang.String">LocFinal</Value>
</Feature>
<Feature>
  <Name className="java.lang.String">locType</Name>
  <Value className="java.lang.String">country</Value>
</Feature>
</Annotation>
<Annotation Id="11" Type="Money" StartNode="4245" EndNode="4250">
<Feature>
  <Name className="java.lang.String">rule</Name>
  <Value className="java.lang.String">MoneySymbolUnit</Value>
</Feature>
<Feature>
  <Name className="java.lang.String">kind</Name>
  <Value className="java.lang.String">number</Value>
</Feature>
</Annotation>
<Annotation Id="67" Type="Date" StartNode="5082" EndNode="5099">
<Feature>
  <Name className="java.lang.String">kind</Name>
  <Value className="java.lang.String">date</Value>
</Feature>
</Annotation>
<Annotation Id="50" Type="Organization" StartNode="1686" EndNode="1691">
</Annotation>
<Annotation Id="76" Type="Date" StartNode="3887" EndNode="3897">
</Annotation>
<Annotation Id="39" Type="Date" StartNode="5302" EndNode="5306">
<Feature>
  <Name className="java.lang.String">rule1</Name>
  <Value className="java.lang.String">YearContext1</Value>
</Feature>
<Feature>
  <Name className="java.lang.String">rule2</Name>
  <Value className="java.lang.String">DateOnlyFinal</Value>
</Feature>
<Feature>
  <Name className="java.lang.String">kind</Name>
  <Value className="java.lang.String">date</Value>
</Feature>
</Annotation>
<Annotation Id="45" Type="Organization" StartNode="707" EndNode="712">
</Annotation>
<Annotation Id="74" Type="Date" StartNode="408" EndNode="424">
</Annotation>
<Annotation Id="20" Type="Money" StartNode="5384" EndNode="5387">
<Feature>
  <Name className="java.lang.String">rule</Name>
  <Value className="java.lang.String">MoneyCurrencyUnit</Value>
</Feature>
<Feature>
  <Name className="java.lang.String">kind</Name>
  <Value className="java.lang.String">number</Value>
</Feature>
</Annotation>
<Annotation Id="46" Type="Organization" StartNode="844" EndNode="849">
</Annotation>
<Annotation Id="25" Type="Date" StartNode="1735" EndNode="1745">
<Feature>
  <Name className="java.lang.String">rule1</Name>
  <Value className="java.lang.String">ModifierDate</Value>
</Feature>
<Feature>
  <Name className="java.lang.String">rule2</Name>
  <Value className="java.lang.String">DateOnlyFinal</Value>
</Feature>
<Feature>
  <Name className="java.lang.String">kind</Name>
  <Value className="java.lang.String">date</Value>
</Feature>
</Annotation>
<Annotation Id="56" Type="Organization" StartNode="2523" EndNode="2531">
</Annotation>
<Annotation Id="10" Type="Money" StartNode="4043" EndNode="4049">
<Feature>
  <Name className="java.lang.String">rule</Name>
  <Value className="java.lang.String">MoneySymbolUnit</Value>
</Feature>
<Feature>
  <Name className="java.lang.String">kind</Name>
  <Value className="java.lang.String">number</Value>
</Feature>
</Annotation>
<Annotation Id="5" Type="Money" StartNode="2797" EndNode="2802">
<Feature>
  <Name className="java.lang.String">rule</Name>
  <Value className="java.lang.String">MoneySymbolUnit</Value>
</Feature>
<Feature>
  <Name className="java.lang.String">kind</Name>
  <Value className="java.lang.String">number</Value>
</Feature>
</Annotation>
<Annotation Id="69" Type="Date" StartNode="529" EndNode="546">
<Feature>
  <Name className="java.lang.String">kind</Name>
  <Value className="java.lang.String">date</Value>
</Feature>
</Annotation>
<Annotation Id="0" Type="Money" StartNode="388" EndNode="393">
<Feature>
  <Name className="java.lang.String">rule</Name>
  <Value className="java.lang.String">MoneySymbolUnit</Value>
</Feature>
<Feature>
  <Name className="java.lang.String">kind</Name>
  <Value className="java.lang.String">number</Value>
</Feature>
</Annotation>
</AnnotationSet>
<!-- Named annotation set -->

<AnnotationSet Name="Original markups" >
<Annotation Id="77" Type="TEXT" StartNode="0" EndNode="5446">
</Annotation>
</AnnotationSet>
</GateDocument>