<?xml version="1.0" encoding="UTF-8" ?>
<metadata xmlns="http://gate.ac.uk/ns/pipeline-metadata">
  <pipeline-name>GATE Hate for Politics</pipeline-name>
  <slug>gate-hate</slug>
  <ordering>80</ordering>
  <annotation-selectors>:Topic, :Abuse, :Politician, :Party, :Hashtag, :UserID, :URL, :Organization, :Person, :Address, :Date, :Location, :Money, :Percent</annotation-selectors>
  <additional-annotations>:Sentence, :Tweet</additional-annotations>
  <tags>
    <tag>English</tag>
    <tag>Abuse</tag>
    <tag>Politics</tag>
    <tag>Twitter</tag>
  </tags>
</metadata>
