{"contributors":null,"truncated":false,"text":"Canadian soldier who was shot at #Ottawa's War Memorial is a reservist serving with the Argyll and Sutherland Highlanders in #Hamilton, Ont.","in_reply_to_status_id":null,"id":524961721744900097,"favorite_count":145,"source":"<a href=\"http:\/\/twitter.com\" rel=\"nofollow\">Twitter Web Client<\/a>","retweeted":false,"coordinates":null,"entities":{"symbols":[],"user_mentions":[],"hashtags":[{"indices":[33,40],"text":"Ottawa"},{"indices":[125,134],"text":"Hamilton"}],"urls":[]},"in_reply_to_screen_name":null,"id_str":"524961721744900097","retweet_count":847,"in_reply_to_user_id":null,"favorited":false,"user":{"follow_request_sent":false,"profile_use_background_image":true,"default_profile_image":false,"id":19038934,"profile_background_image_url_https":"https:\/\/pbs.twimg.com\/profile_background_images\/167718434\/cbcnews_twitter_pg-yellow.JPG","verified":true,"profile_text_color":"0C3E53","profile_image_url_https":"https:\/\/pbs.twimg.com\/profile_images\/563807705530245120\/92toBEKN_normal.jpeg","profile_sidebar_fill_color":"FFF7CC","entities":{"url":{"urls":[{"url":"http:\/\/t.co\/vAXH6cjeS8","indices":[0,22],"expanded_url":"http:\/\/www.cbc.ca\/news\/","display_url":"cbc.ca\/news\/"}]},"description":{"urls":[]}},"followers_count":365986,"profile_sidebar_border_color":"F2E195","id_str":"19038934","profile_background_color":"000000","listed_count":5316,"is_translation_enabled":false,"utc_offset":-14400,"statuses_count":25593,"description":"Breaking national and international news alerts from CBC News, Canada's TV, radio and online news leader.","friends_count":264,"location":"Toronto","profile_link_color":"FF0000","profile_image_url":"http:\/\/pbs.twimg.com\/profile_images\/563807705530245120\/92toBEKN_normal.jpeg","following":false,"geo_enabled":false,"profile_background_image_url":"http:\/\/pbs.twimg.com\/profile_background_images\/167718434\/cbcnews_twitter_pg-yellow.JPG","screen_name":"CBCAlerts","lang":"en","profile_background_tile":false,"favourites_count":17,"name":"CBC News Alerts","notifications":false,"url":"http:\/\/t.co\/vAXH6cjeS8","created_at":"Thu Jan 15 21:03:19 +0000 2009","contributors_enabled":false,"time_zone":"Eastern Time (US & Canada)","protected":false,"default_profile":false,"is_translator":false},"geo":null,"in_reply_to_user_id_str":null,"lang":"en","created_at":"Wed Oct 22 16:33:22 +0000 2014","in_reply_to_status_id_str":null,"place":null}{"contributors": null, "truncated": false, "text": "@CBCAlerts @ArponBasu Is he ok? American news sources say he was killed but I have not seen any Canadian reports indicating his condition.", "in_reply_to_status_id": 524961721744900097, "id": 524962161026924544, "favorite_count": 0, "source": "<a href=\"http://twitter.com\" rel=\"nofollow\">Twitter Web Client</a>", "retweeted": false, "coordinates": null, "entities": {"symbols": [], "user_mentions": [{"id": 19038934, "indices": [0, 10], "id_str": "19038934", "screen_name": "CBCAlerts", "name": "CBC News Alerts"}, {"id": 14207711, "indices": [11, 21], "id_str": "14207711", "screen_name": "ArponBasu", "name": "\u0410rpon Basu"}], "hashtags": [], "urls": []}, "in_reply_to_screen_name": "CBCAlerts", "id_str": "524962161026924544", "retweet_count": 0, "in_reply_to_user_id": 19038934, "favorited": false, "user": {"follow_request_sent": false, "profile_use_background_image": true, "default_profile_image": false, "id": 1336924130, "profile_background_image_url_https": "https://abs.twimg.com/images/themes/theme1/bg.png", "verified": false, "profile_text_color": "333333", "profile_image_url_https": "https://pbs.twimg.com/profile_images/378800000515723126/a42b251cd80228f9c29b67bda2cbb0de_normal.jpeg", "profile_sidebar_fill_color": "DDEEF6", "entities": {"url": {"urls": [{"url": "http://t.co/HaT927fv9I", "indices": [0, 22], "expanded_url": "http://leagueittous.com", "display_url": "leagueittous.com"}]}, "description": {"urls": [{"url": "http://t.co/YrZxT5MGg6", "indices": [20, 42], "expanded_url": "http://LeagueItToUs.com", "display_url": "LeagueItToUs.com"}]}}, "followers_count": 29, "profile_sidebar_border_color": "C0DEED", "id_str": "1336924130", "profile_background_color": "C0DEED", "listed_count": 2, "is_translation_enabled": false, "utc_offset": null, "statuses_count": 304, "description": "Editor-in-Chief for http://t.co/YrZxT5MGg6 - A World of Hockey on One Site", "friends_count": 451, "location": "", "profile_link_color": "0084B4", "profile_image_url": "http://pbs.twimg.com/profile_images/378800000515723126/a42b251cd80228f9c29b67bda2cbb0de_normal.jpeg", "following": false, "geo_enabled": false, "profile_background_image_url": "http://abs.twimg.com/images/themes/theme1/bg.png", "screen_name": "JakeWideman", "lang": "en", "profile_background_tile": false, "favourites_count": 2, "name": "Jacob Wideman", "notifications": false, "url": "http://t.co/HaT927fv9I", "created_at": "Mon Apr 08 15:28:51 +0000 2013", "contributors_enabled": false, "time_zone": null, "protected": false, "default_profile": true, "is_translator": false}, "geo": null, "in_reply_to_user_id_str": "19038934", "lang": "en", "created_at": "Wed Oct 22 16:35:07 +0000 2014", "in_reply_to_status_id_str": "524961721744900097", "place": null}
