{"contributors":null,"truncated":false,"text":"Every 28 hours a black male is killed in the United States by police or vigilantes. #Ferguson","in_reply_to_status_id":null,"id":498293668655423488,"favorite_count":428,"source":"<a href=\"https:\/\/about.twitter.com\/products\/tweetdeck\" rel=\"nofollow\">TweetDeck<\/a>","retweeted":false,"coordinates":null,"entities":{"symbols":[],"user_mentions":[],"hashtags":[{"indices":[84,93],"text":"Ferguson"}],"urls":[]},"in_reply_to_screen_name":null,"id_str":"498293668655423488","retweet_count":1755,"in_reply_to_user_id":null,"favorited":false,"user":{"follow_request_sent":false,"profile_use_background_image":true,"default_profile_image":false,"id":24165761,"profile_background_image_url_https":"https:\/\/abs.twimg.com\/images\/themes\/theme4\/bg.gif","verified":true,"profile_text_color":"3C3940","profile_image_url_https":"https:\/\/pbs.twimg.com\/profile_images\/570370729964920832\/NSsz3-uv_normal.jpeg","profile_sidebar_fill_color":"95E8EC","entities":{"url":{"urls":[{"url":"http:\/\/t.co\/uYd9vD5LNN","indices":[0,22],"expanded_url":"http:\/\/en.wikipedia.org\/wiki\/Michael_Skolnik","display_url":"en.wikipedia.org\/wiki\/Michael_S\u2026"}]},"description":{"urls":[]}},"followers_count":133545,"profile_sidebar_border_color":"5ED4DC","id_str":"24165761","profile_background_color":"0099B9","listed_count":1644,"is_translation_enabled":false,"utc_offset":-14400,"statuses_count":28252,"description":"Political Director to Russell Simmons + Editor-In-Chief of GlobalGrind. Contact: info@mskolnik.com","friends_count":127,"location":"","profile_link_color":"0099B9","profile_image_url":"http:\/\/pbs.twimg.com\/profile_images\/570370729964920832\/NSsz3-uv_normal.jpeg","following":false,"geo_enabled":true,"profile_banner_url":"https:\/\/pbs.twimg.com\/profile_banners\/24165761\/1406690750","profile_background_image_url":"http:\/\/abs.twimg.com\/images\/themes\/theme4\/bg.gif","screen_name":"MichaelSkolnik","lang":"en","profile_background_tile":false,"favourites_count":19846,"name":"Michael Skolnik","notifications":false,"url":"http:\/\/t.co\/uYd9vD5LNN","created_at":"Fri Mar 13 12:55:21 +0000 2009","contributors_enabled":false,"time_zone":"Eastern Time (US & Canada)","protected":false,"default_profile":false,"is_translator":false},"geo":null,"in_reply_to_user_id_str":null,"lang":"en","created_at":"Sun Aug 10 02:24:03 +0000 2014","in_reply_to_status_id_str":null,"place":null}{"contributors": null, "truncated": false, "text": "@MichaelSkolnik: Every 28 hours a black male is killed in the United States by police or vigilantes. #Ferguson this is a sad stat.", "in_reply_to_status_id": 498293668655423488, "id": 498297185834786816, "favorite_count": 1, "source": "<a href=\"http://twitter.com/download/iphone\" rel=\"nofollow\">Twitter for iPhone</a>", "retweeted": false, "coordinates": null, "entities": {"symbols": [], "user_mentions": [{"id": 24165761, "indices": [1, 16], "id_str": "24165761", "screen_name": "MichaelSkolnik", "name": "Michael Skolnik"}], "hashtags": [{"indices": [102, 111], "text": "Ferguson"}], "urls": []}, "in_reply_to_screen_name": "MichaelSkolnik", "id_str": "498297185834786816", "retweet_count": 1, "in_reply_to_user_id": 24165761, "favorited": false, "user": {"follow_request_sent": false, "profile_use_background_image": true, "default_profile_image": false, "id": 17901210, "profile_background_image_url_https": "https://abs.twimg.com/images/themes/theme14/bg.gif", "verified": false, "profile_text_color": "333333", "profile_image_url_https": "https://pbs.twimg.com/profile_images/482188105164681216/n2AolZLg_normal.jpeg", "profile_sidebar_fill_color": "EFEFEF", "entities": {"url": {"urls": [{"url": "http://t.co/7vD9KKyBQR", "indices": [0, 22], "expanded_url": "http://littlebookofwords.com", "display_url": "littlebookofwords.com"}]}, "description": {"urls": []}}, "followers_count": 610, "profile_sidebar_border_color": "EEEEEE", "id_str": "17901210", "profile_background_color": "131516", "listed_count": 18, "is_translation_enabled": false, "utc_offset": -18000, "statuses_count": 4696, "description": "Just a guy that loves Christ, my family, bbq, sports, & writing. Crazy enough to think I can change the world. Enjoy the ride.", "friends_count": 874, "location": "Austin", "profile_link_color": "009999", "profile_image_url": "http://pbs.twimg.com/profile_images/482188105164681216/n2AolZLg_normal.jpeg", "following": false, "geo_enabled": true, "profile_background_image_url": "http://abs.twimg.com/images/themes/theme14/bg.gif", "screen_name": "chadsapenter", "lang": "en", "profile_background_tile": true, "favourites_count": 765, "name": "Chadwick Sapenter", "notifications": false, "url": "http://t.co/7vD9KKyBQR", "created_at": "Fri Dec 05 16:40:55 +0000 2008", "contributors_enabled": false, "time_zone": "Central Time (US & Canada)", "protected": false, "default_profile": false, "is_translator": false}, "geo": null, "in_reply_to_user_id_str": "24165761", "lang": "en", "created_at": "Sun Aug 10 02:38:01 +0000 2014", "in_reply_to_status_id_str": "498293668655423488", "place": null}
