{"contributors": null, "truncated": false, "text": "Secret Service tells Infowars: Hillary seriously ill; needs special accommodations Tune in 4pm-6pm CST https://t.co/OQtch0Lewb #trump #tcot", "is_quote_status": false, "in_reply_to_status_id": null, "id": 764927075522260992, "favorite_count": 462, "source": "<a href=\"http://sproutsocial.com\" rel=\"nofollow\">Sprout Social</a>", "retweeted": false, "coordinates": null, "entities": {"symbols": [], "user_mentions": [], "hashtags": [{"indices": [127, 133], "text": "trump"}, {"indices": [134, 139], "text": "tcot"}], "urls": [{"url": "https://t.co/OQtch0Lewb", "indices": [103, 126], "expanded_url": "http://infowars.com/show", "display_url": "infowars.com/show"}]}, "in_reply_to_screen_name": null, "in_reply_to_user_id": null, "retweet_count": 480, "id_str": "764927075522260992", "favorited": false, "user": {"follow_request_sent": false, "has_extended_profile": false, "profile_use_background_image": true, "default_profile_image": false, "id": 109065990, "profile_background_image_url_https": "https://pbs.twimg.com/profile_background_images/378800000003674622/3a1203ea770c858037f4be19cbde4cc4.jpeg", "verified": true, "translator_type": "none", "profile_text_color": "333333", "profile_image_url_https": "https://pbs.twimg.com/profile_images/791398621266620417/D9vxEK46_normal.jpg", "profile_sidebar_fill_color": "EFEFEF", "entities": {"url": {"urls": [{"url": "https://t.co/2wL2hEpCgI", "indices": [0, 23], "expanded_url": "http://www.infowars.com", "display_url": "infowars.com"}]}, "description": {"urls": [{"url": "https://t.co/baDL0SvCMt", "indices": [95, 118], "expanded_url": "http://Infowars.com/show", "display_url": "Infowars.com/show"}]}}, "followers_count": 452475, "profile_sidebar_border_color": "FFFFFF", "id_str": "109065990", "profile_background_color": "FFFFFF", "listed_count": 6477, "is_translation_enabled": false, "utc_offset": -18000, "statuses_count": 26328, "description": "Fighting for Freedom & Liberty on the Frontlines of Truth Journalism #Infowars TUNE IN 24/7 at https://t.co/baDL0SvCMt", "friends_count": 297, "location": "Austin, TX", "profile_link_color": "030B66", "profile_image_url": "http://pbs.twimg.com/profile_images/791398621266620417/D9vxEK46_normal.jpg", "following": false, "geo_enabled": false, "profile_banner_url": "https://pbs.twimg.com/profile_banners/109065990/1401399918", "profile_background_image_url": "http://pbs.twimg.com/profile_background_images/378800000003674622/3a1203ea770c858037f4be19cbde4cc4.jpeg", "screen_name": "RealAlexJones", "lang": "en", "profile_background_tile": false, "favourites_count": 4283, "name": "Alex Jones", "notifications": false, "url": "https://t.co/2wL2hEpCgI", "created_at": "Wed Jan 27 21:42:26 +0000 2010", "contributors_enabled": false, "time_zone": "Central Time (US & Canada)", "protected": false, "default_profile": false, "is_translator": false}, "geo": null, "in_reply_to_user_id_str": null, "possibly_sensitive": false, "possibly_sensitive_appealable": false, "lang": "en", "created_at": "Sun Aug 14 20:50:01 +0000 2016", "in_reply_to_status_id_str": null, "place": null}
{"contributors": null, "truncated": false, "text": "Delusional @RealAlexJones spreading propaganda masking yourself as a real journalist. STOP lying to the American public #infowarslies", "is_quote_status": false, "in_reply_to_status_id": 764927075522260992, "id": 765171900683161601, "favorite_count": 8, "source": "<a href=\"https://mobile.twitter.com\" rel=\"nofollow\">Mobile Web (M5)</a>", "retweeted": false, "coordinates": null, "entities": {"symbols": [], "user_mentions": [{"id": 109065990, "indices": [11, 25], "id_str": "109065990", "screen_name": "RealAlexJones", "name": "Alex Jones"}], "hashtags": [{"indices": [120, 133], "text": "infowarslies"}], "urls": []}, "in_reply_to_screen_name": "RealAlexJones", "in_reply_to_user_id": 109065990, "retweet_count": 0, "id_str": "765171900683161601", "favorited": false, "user": {"follow_request_sent": false, "has_extended_profile": false, "profile_use_background_image": true, "default_profile_image": false, "id": 63669112, "profile_background_image_url_https": "https://pbs.twimg.com/profile_background_images/191401807/xd9d7d62b548ebf90c23aaef5fe5c839.jpg", "verified": false, "translator_type": "none", "profile_text_color": "9E6572", "profile_image_url_https": "https://pbs.twimg.com/profile_images/649878807478972418/iDn8v40w_normal.jpg", "profile_sidebar_fill_color": "BAB896", "entities": {"description": {"urls": []}}, "followers_count": 257, "profile_sidebar_border_color": "A9DB9E", "id_str": "63669112", "profile_background_color": "757575", "listed_count": 10, "is_translation_enabled": false, "utc_offset": 0, "statuses_count": 2336, "description": "", "friends_count": 951, "location": "", "profile_link_color": "F23271", "profile_image_url": "http://pbs.twimg.com/profile_images/649878807478972418/iDn8v40w_normal.jpg", "following": false, "geo_enabled": true, "profile_banner_url": "https://pbs.twimg.com/profile_banners/63669112/1421343717", "profile_background_image_url": "http://pbs.twimg.com/profile_background_images/191401807/xd9d7d62b548ebf90c23aaef5fe5c839.jpg", "screen_name": "MegsLondon", "lang": "en", "profile_background_tile": true, "favourites_count": 68, "name": "Megan", "notifications": false, "url": null, "created_at": "Fri Aug 07 08:18:29 +0000 2009", "contributors_enabled": false, "time_zone": "London", "protected": false, "default_profile": false, "is_translator": false}, "geo": null, "in_reply_to_user_id_str": "109065990", "lang": "en", "created_at": "Mon Aug 15 13:02:51 +0000 2016", "in_reply_to_status_id_str": "764927075522260992", "place": null}