{"contributors": null, "truncated": false, "text": "Ongoing hostage situation in Sydney caf\u00e9. #sydneysiege Major landmarks like the Sydney Opera House evacuated  http://t.co/fmvq54QmTO", "in_reply_to_status_id": null, "id": 544294893146091520, "favorite_count": 98, "source": "<a href=\"http://www.socialflow.com\" rel=\"nofollow\">SocialFlow</a>", "retweeted": false, "coordinates": null, "entities": {"symbols": [], "user_mentions": [], "hashtags": [{"indices": [42, 54], "text": "sydneysiege"}], "urls": [{"url": "http://t.co/fmvq54QmTO", "indices": [110, 132], "expanded_url": "http://bbc.in/1wxluEu", "display_url": "bbc.in/1wxluEu"}]}, "in_reply_to_screen_name": null, "id_str": "544294893146091520", "retweet_count": 539, "in_reply_to_user_id": null, "favorited": false, "user": {"follow_request_sent": false, "profile_use_background_image": true, "profile_text_color": "5A5A5A", "default_profile_image": false, "id": 742143, "profile_background_image_url_https": "https://pbs.twimg.com/profile_background_images/459295591915204608/P0byaGJj.jpeg", "verified": true, "profile_location": null, "profile_image_url_https": "https://pbs.twimg.com/profile_images/522359986324643842/QVNpxIrk_normal.jpeg", "profile_sidebar_fill_color": "FFFFFF", "entities": {"url": {"urls": [{"url": "http://t.co/hqt08RrbCA", "indices": [0, 22], "expanded_url": "http://www.bbc.com/news", "display_url": "bbc.com/news"}]}, "description": {"urls": [{"url": "http://t.co/JnU7o4nQJx", "indices": [35, 57], "expanded_url": "http://bbc.in/worldnews", "display_url": "bbc.in/worldnews"}]}}, "followers_count": 8173059, "profile_sidebar_border_color": "FFFFFF", "id_str": "742143", "profile_background_color": "FFFFFF", "listed_count": 83142, "is_translation_enabled": true, "utc_offset": 0, "statuses_count": 187137, "description": "World News, features and analysis (http://t.co/JnU7o4nQJx). For UK news, follow @BBCNews. For breaking news, follow @BBCBreaking. Latest sport news @BBCSport.", "friends_count": 61, "location": "London, UK", "profile_link_color": "1F527B", "profile_image_url": "http://pbs.twimg.com/profile_images/522359986324643842/QVNpxIrk_normal.jpeg", "following": false, "geo_enabled": false, "profile_banner_url": "https://pbs.twimg.com/profile_banners/742143/1398339487", "profile_background_image_url": "http://pbs.twimg.com/profile_background_images/459295591915204608/P0byaGJj.jpeg", "name": "BBC News (World)", "lang": "en", "profile_background_tile": false, "favourites_count": 0, "screen_name": "BBCWorld", "notifications": false, "url": "http://t.co/hqt08RrbCA", "created_at": "Thu Feb 01 07:44:29 +0000 2007", "contributors_enabled": false, "time_zone": "London", "protected": false, "default_profile": false, "is_translator": false}, "geo": null, "in_reply_to_user_id_str": null, "possibly_sensitive": false, "lang": "en", "created_at": "Mon Dec 15 00:56:29 +0000 2014", "in_reply_to_status_id_str": null, "place": null}{"contributors": null, "truncated": false, "text": "@BBCWorld i have heard there are credible threats at major public places in the uk over Christmas..... is this true @BBCWorld?", "in_reply_to_status_id": 544294893146091520, "id": 544296218613256192, "favorite_count": 0, "source": "<a href=\"http://twitter.com/download/android\" rel=\"nofollow\">Twitter for Android</a>", "retweeted": false, "coordinates": null, "entities": {"symbols": [], "user_mentions": [{"id": 742143, "indices": [0, 9], "id_str": "742143", "screen_name": "BBCWorld", "name": "BBC News (World)"}, {"id": 742143, "indices": [116, 125], "id_str": "742143", "screen_name": "BBCWorld", "name": "BBC News (World)"}], "hashtags": [], "urls": []}, "in_reply_to_screen_name": "BBCWorld", "id_str": "544296218613256192", "retweet_count": 0, "in_reply_to_user_id": 742143, "favorited": false, "user": {"follow_request_sent": false, "profile_use_background_image": true, "profile_text_color": "333333", "default_profile_image": false, "id": 712588641, "profile_background_image_url_https": "https://pbs.twimg.com/profile_background_images/378800000163476913/PXOs7Fj5.jpeg", "verified": false, "profile_location": null, "profile_image_url_https": "https://pbs.twimg.com/profile_images/535079980418351104/4vGKOjM7_normal.jpeg", "profile_sidebar_fill_color": "DDEEF6", "entities": {"url": {"urls": [{"url": "http://t.co/cQobC6EFSK", "indices": [0, 22], "expanded_url": "http://www.TheGraniteXchange.co.uk", "display_url": "TheGraniteXchange.co.uk"}]}, "description": {"urls": []}}, "followers_count": 1775, "profile_sidebar_border_color": "000000", "id_str": "712588641", "profile_background_color": "C0DEED", "listed_count": 23, "is_translation_enabled": false, "utc_offset": null, "statuses_count": 18171, "description": "An inspired interior surface specialist with \u00a35million public liability insurance - cutting stone, not corners", "friends_count": 2000, "location": "UK WIDE INSTALLATION", "profile_link_color": "0084B4", "profile_image_url": "http://pbs.twimg.com/profile_images/535079980418351104/4vGKOjM7_normal.jpeg", "following": false, "geo_enabled": false, "profile_banner_url": "https://pbs.twimg.com/profile_banners/712588641/1416407804", "profile_background_image_url": "http://pbs.twimg.com/profile_background_images/378800000163476913/PXOs7Fj5.jpeg", "name": "bernard wynne", "lang": "en", "profile_background_tile": true, "favourites_count": 14142, "screen_name": "GraniteXchange", "notifications": false, "url": "http://t.co/cQobC6EFSK", "created_at": "Sun Oct 13 12:37:45 +0000 2013", "contributors_enabled": false, "time_zone": null, "protected": false, "default_profile": false, "is_translator": false}, "geo": null, "in_reply_to_user_id_str": "742143", "lang": "en", "created_at": "Mon Dec 15 01:01:45 +0000 2014", "in_reply_to_status_id_str": "544294893146091520", "place": null}
