{"contributors":null,"truncated":false,"text":"Latest on #Germanwings crash: Pilots signaled 911 before dropping out of midair; airline CEO calls this a \"dark day.\" http:\/\/t.co\/S5CZoWnn2T","in_reply_to_status_id":null,"id":580339547269144576,"favorite_count":33,"source":"<a href=\"http:\/\/www.socialflow.com\" rel=\"nofollow\">SocialFlow<\/a>","retweeted":false,"coordinates":null,"entities":{"user_mentions":[],"symbols":[],"trends":[],"hashtags":[{"indices":[10,22],"text":"Germanwings"}],"urls":[{"url":"http:\/\/t.co\/S5CZoWnn2T","indices":[118,140],"expanded_url":"http:\/\/on.mash.to\/1EE83Ut","display_url":"on.mash.to\/1EE83Ut"}]},"in_reply_to_screen_name":null,"id_str":"580339547269144576","retweet_count":95,"in_reply_to_user_id":null,"favorited":false,"user":{"follow_request_sent":null,"profile_use_background_image":false,"default_profile_image":false,"id":972651,"verified":true,"profile_image_url_https":"https:\/\/pbs.twimg.com\/profile_images\/574810610677895168\/f3cTn5ac_normal.png","profile_sidebar_fill_color":"88DBF4","profile_text_color":"3B3B3B","followers_count":5122787,"profile_sidebar_border_color":"FFFFFF","id_str":"972651","profile_background_color":"00AEEF","listed_count":122829,"profile_background_image_url_https":"https:\/\/pbs.twimg.com\/profile_background_images\/705312036\/bf7ca2a3f077d7e57b12a5ea4f1db268.png","utc_offset":-14400,"statuses_count":134135,"description":"News, resources, inspiration and fun for the connected generation. Tweets by @mashable staff.","friends_count":2801,"location":"","profile_link_color":"00AEEF","profile_image_url":"http:\/\/pbs.twimg.com\/profile_images\/574810610677895168\/f3cTn5ac_normal.png","following":null,"geo_enabled":false,"profile_banner_url":"https:\/\/pbs.twimg.com\/profile_banners\/972651\/1401484849","profile_background_image_url":"http:\/\/pbs.twimg.com\/profile_background_images\/705312036\/bf7ca2a3f077d7e57b12a5ea4f1db268.png","name":"Mashable","lang":"en","profile_background_tile":false,"favourites_count":507,"screen_name":"mashable","notifications":null,"url":"http:\/\/mashable.com","created_at":"Mon Mar 12 01:28:01 +0000 2007","contributors_enabled":false,"time_zone":"Eastern Time (US & Canada)","protected":false,"default_profile":false,"is_translator":false},"geo":null,"in_reply_to_user_id_str":null,"possibly_sensitive":false,"lang":"en","created_at":"Tue Mar 24 12:05:04 +0000 2015","filter_level":"low","in_reply_to_status_id_str":null,"place":null}{"contributors": null, "truncated": false, "text": "@mashable makes reference to 911 RE #Germanwings NOTHING BUT LIES at the cost of LIVES, BOYCOT website", "in_reply_to_status_id": 580339547269144576, "id": 580347953069592577, "favorite_count": 0, "source": "<a href=\"http://twitter.com\" rel=\"nofollow\">Twitter Web Client</a>", "retweeted": false, "coordinates": null, "entities": {"symbols": [], "user_mentions": [{"id": 972651, "indices": [0, 9], "id_str": "972651", "screen_name": "mashable", "name": "Mashable"}], "hashtags": [{"indices": [36, 48], "text": "Germanwings"}], "urls": []}, "in_reply_to_screen_name": "mashable", "id_str": "580347953069592577", "retweet_count": 0, "in_reply_to_user_id": 972651, "favorited": false, "user": {"follow_request_sent": false, "profile_use_background_image": true, "profile_text_color": "333333", "default_profile_image": false, "id": 16616583, "profile_background_image_url_https": "https://pbs.twimg.com/profile_background_images/243118113/TwitterBackground.jpg", "verified": false, "profile_location": null, "profile_image_url_https": "https://pbs.twimg.com/profile_images/3134129431/52f173ad95b1c42c6bf069f481ec8253_normal.jpeg", "profile_sidebar_fill_color": "DDFFCC", "entities": {"url": {"urls": [{"url": "http://t.co/m6jYn19o1s", "indices": [0, 22], "expanded_url": "http://www.brianmoreau.com", "display_url": "brianmoreau.com"}]}, "description": {"urls": []}}, "followers_count": 291, "profile_sidebar_border_color": "BDDCAD", "id_str": "16616583", "profile_background_color": "9AE4E8", "listed_count": 38, "is_translation_enabled": false, "utc_offset": 3600, "statuses_count": 8091, "description": "Founder @sweeter_tweet Technology Entrepreneur. Inventor & maker of 'Things' #IoT #smarttech #arduino #wearable #electronics #art #thefuture", "friends_count": 521, "location": "London", "profile_link_color": "0084B4", "profile_image_url": "http://pbs.twimg.com/profile_images/3134129431/52f173ad95b1c42c6bf069f481ec8253_normal.jpeg", "following": false, "geo_enabled": false, "profile_banner_url": "https://pbs.twimg.com/profile_banners/16616583/1362836809", "profile_background_image_url": "http://pbs.twimg.com/profile_background_images/243118113/TwitterBackground.jpg", "name": "Brian Moreau", "lang": "en", "profile_background_tile": true, "favourites_count": 7, "screen_name": "brianmoreau", "notifications": false, "url": "http://t.co/m6jYn19o1s", "created_at": "Mon Oct 06 17:29:44 +0000 2008", "contributors_enabled": false, "time_zone": "London", "protected": false, "default_profile": false, "is_translator": false}, "geo": null, "in_reply_to_user_id_str": "972651", "lang": "en", "created_at": "Tue Mar 24 12:38:29 +0000 2015", "in_reply_to_status_id_str": "580339547269144576", "place": null}
