{"contributors": null, "truncated": false, "text": "Secret Service tells Infowars: Hillary seriously ill; needs special accommodations Tune in 4pm-6pm CST https://t.co/OQtch0Lewb #trump #tcot", "is_quote_status": false, "in_reply_to_status_id": null, "id": 764927075522260992, "favorite_count": 462, "source": "<a href=\"http://sproutsocial.com\" rel=\"nofollow\">Sprout Social</a>", "retweeted": false, "coordinates": null, "entities": {"symbols": [], "user_mentions": [], "hashtags": [{"indices": [127, 133], "text": "trump"}, {"indices": [134, 139], "text": "tcot"}], "urls": [{"url": "https://t.co/OQtch0Lewb", "indices": [103, 126], "expanded_url": "http://infowars.com/show", "display_url": "infowars.com/show"}]}, "in_reply_to_screen_name": null, "in_reply_to_user_id": null, "retweet_count": 480, "id_str": "764927075522260992", "favorited": false, "user": {"follow_request_sent": false, "has_extended_profile": false, "profile_use_background_image": true, "default_profile_image": false, "id": 109065990, "profile_background_image_url_https": "https://pbs.twimg.com/profile_background_images/378800000003674622/3a1203ea770c858037f4be19cbde4cc4.jpeg", "verified": true, "translator_type": "none", "profile_text_color": "333333", "profile_image_url_https": "https://pbs.twimg.com/profile_images/791398621266620417/D9vxEK46_normal.jpg", "profile_sidebar_fill_color": "EFEFEF", "entities": {"url": {"urls": [{"url": "https://t.co/2wL2hEpCgI", "indices": [0, 23], "expanded_url": "http://www.infowars.com", "display_url": "infowars.com"}]}, "description": {"urls": [{"url": "https://t.co/baDL0SvCMt", "indices": [95, 118], "expanded_url": "http://Infowars.com/show", "display_url": "Infowars.com/show"}]}}, "followers_count": 452475, "profile_sidebar_border_color": "FFFFFF", "id_str": "109065990", "profile_background_color": "FFFFFF", "listed_count": 6477, "is_translation_enabled": false, "utc_offset": -18000, "statuses_count": 26328, "description": "Fighting for Freedom & Liberty on the Frontlines of Truth Journalism #Infowars TUNE IN 24/7 at https://t.co/baDL0SvCMt", "friends_count": 297, "location": "Austin, TX", "profile_link_color": "030B66", "profile_image_url": "http://pbs.twimg.com/profile_images/791398621266620417/D9vxEK46_normal.jpg", "following": false, "geo_enabled": false, "profile_banner_url": "https://pbs.twimg.com/profile_banners/109065990/1401399918", "profile_background_image_url": "http://pbs.twimg.com/profile_background_images/378800000003674622/3a1203ea770c858037f4be19cbde4cc4.jpeg", "screen_name": "RealAlexJones", "lang": "en", "profile_background_tile": false, "favourites_count": 4283, "name": "Alex Jones", "notifications": false, "url": "https://t.co/2wL2hEpCgI", "created_at": "Wed Jan 27 21:42:26 +0000 2010", "contributors_enabled": false, "time_zone": "Central Time (US & Canada)", "protected": false, "default_profile": false, "is_translator": false}, "geo": null, "in_reply_to_user_id_str": null, "possibly_sensitive": false, "possibly_sensitive_appealable": false, "lang": "en", "created_at": "Sun Aug 14 20:50:01 +0000 2016", "in_reply_to_status_id_str": null, "place": null}
{"contributors": null, "truncated": false, "text": "@RealAlexJones @infowars No, no one credible told you anything like that.", "is_quote_status": false, "in_reply_to_status_id": 764927075522260992, "id": 764952394157461504, "favorite_count": 1, "source": "<a href=\"http://twitter.com/download/android\" rel=\"nofollow\">Twitter for Android</a>", "retweeted": false, "coordinates": null, "entities": {"symbols": [], "user_mentions": [{"id": 109065990, "indices": [0, 14], "id_str": "109065990", "screen_name": "RealAlexJones", "name": "Alex Jones"}, {"id": 14505245, "indices": [15, 24], "id_str": "14505245", "screen_name": "infowars", "name": "infowars"}], "hashtags": [], "urls": []}, "in_reply_to_screen_name": "RealAlexJones", "in_reply_to_user_id": 109065990, "retweet_count": 0, "id_str": "764952394157461504", "favorited": false, "user": {"follow_request_sent": false, "has_extended_profile": false, "profile_use_background_image": true, "default_profile_image": false, "id": 186830196, "profile_background_image_url_https": "https://abs.twimg.com/images/themes/theme1/bg.png", "verified": false, "translator_type": "none", "profile_text_color": "333333", "profile_image_url_https": "https://pbs.twimg.com/profile_images/789798000285671424/LW-Ouu0D_normal.jpg", "profile_sidebar_fill_color": "DDEEF6", "entities": {"description": {"urls": []}}, "followers_count": 328, "profile_sidebar_border_color": "C0DEED", "id_str": "186830196", "profile_background_color": "C0DEED", "listed_count": 27, "is_translation_enabled": false, "utc_offset": null, "statuses_count": 19384, "description": "Live in the DC area.. Still love my Detroit sports teams (yes, even the #DetroitLions). \n\nAlso love the Central Michigan Chippewas and Texas A&M Aggies", "friends_count": 683, "location": "Arlington, VA / Washington, DC", "profile_link_color": "0084B4", "profile_image_url": "http://pbs.twimg.com/profile_images/789798000285671424/LW-Ouu0D_normal.jpg", "following": false, "geo_enabled": false, "profile_banner_url": "https://pbs.twimg.com/profile_banners/186830196/1469980090", "profile_background_image_url": "http://abs.twimg.com/images/themes/theme1/bg.png", "screen_name": "michgirlindc", "lang": "en", "profile_background_tile": false, "favourites_count": 11213, "name": "Julie B", "notifications": false, "url": null, "created_at": "Sat Sep 04 14:36:32 +0000 2010", "contributors_enabled": false, "time_zone": null, "protected": false, "default_profile": true, "is_translator": false}, "geo": null, "in_reply_to_user_id_str": "109065990", "lang": "en", "created_at": "Sun Aug 14 22:30:37 +0000 2016", "in_reply_to_status_id_str": "764927075522260992", "place": null}