{"contributors":null,"truncated":false,"text":"Take a break from bashing Cheney and waterboarding. Possible ISIS terrorist attack ongoing in Sydney. http:\/\/t.co\/nkksw4ozE2","in_reply_to_status_id":null,"id":544274544174071809,"favorite_count":56,"source":"<a href=\"http:\/\/twitter.com\" rel=\"nofollow\">Twitter Web Client<\/a>","retweeted":false,"coordinates":null,"entities":{"symbols":[],"user_mentions":[],"hashtags":[],"urls":[],"media":[{"expanded_url":"http:\/\/twitter.com\/exjon\/status\/544274544174071809\/photo\/1","display_url":"pic.twitter.com\/nkksw4ozE2","url":"http:\/\/t.co\/nkksw4ozE2","media_url_https":"https:\/\/pbs.twimg.com\/media\/B42m0EoIgAA4kMf.jpg","id_str":"544274543507177472","sizes":{"large":{"h":337,"resize":"fit","w":600},"small":{"h":190,"resize":"fit","w":340},"medium":{"h":337,"resize":"fit","w":600},"thumb":{"h":150,"resize":"crop","w":150}},"indices":[102,124],"type":"photo","id":544274543507177472,"media_url":"http:\/\/pbs.twimg.com\/media\/B42m0EoIgAA4kMf.jpg"}]},"in_reply_to_screen_name":null,"id_str":"544274544174071809","retweet_count":167,"in_reply_to_user_id":null,"favorited":false,"user":{"follow_request_sent":false,"profile_use_background_image":true,"profile_text_color":"242424","default_profile_image":false,"id":16930489,"profile_background_image_url_https":"https:\/\/pbs.twimg.com\/profile_background_images\/533826797238882304\/Yz7NLYLV.jpeg","verified":false,"profile_location":null,"profile_image_url_https":"https:\/\/pbs.twimg.com\/profile_images\/571483621732691968\/DFHXwe9K_normal.jpeg","profile_sidebar_fill_color":"6DB6E3","entities":{"url":{"urls":[{"url":"http:\/\/t.co\/2n3puk6wdW","indices":[0,22],"expanded_url":"http:\/\/exjon.com","display_url":"exjon.com"}]},"description":{"urls":[]}},"followers_count":31333,"profile_sidebar_border_color":"FFFFFF","id_str":"16930489","profile_background_color":"F9C301","listed_count":1373,"is_translation_enabled":false,"utc_offset":-25200,"statuses_count":109878,"description":"the undisputed king of stuff. @ricochet editor.","friends_count":2003,"location":"arizona","profile_link_color":"993F0A","profile_image_url":"http:\/\/pbs.twimg.com\/profile_images\/571483621732691968\/DFHXwe9K_normal.jpeg","following":false,"geo_enabled":true,"profile_banner_url":"https:\/\/pbs.twimg.com\/profile_banners\/16930489\/1416108792","profile_background_image_url":"http:\/\/pbs.twimg.com\/profile_background_images\/533826797238882304\/Yz7NLYLV.jpeg","name":"jon gabriel","lang":"en","profile_background_tile":true,"favourites_count":5038,"screen_name":"exjon","notifications":false,"url":"http:\/\/t.co\/2n3puk6wdW","created_at":"Thu Oct 23 17:03:02 +0000 2008","contributors_enabled":false,"time_zone":"Arizona","protected":false,"default_profile":false,"is_translator":false},"geo":null,"in_reply_to_user_id_str":null,"possibly_sensitive":false,"lang":"en","created_at":"Sun Dec 14 23:35:38 +0000 2014","in_reply_to_status_id_str":null,"place":null,"extended_entities":{"media":[{"expanded_url":"http:\/\/twitter.com\/exjon\/status\/544274544174071809\/photo\/1","display_url":"pic.twitter.com\/nkksw4ozE2","url":"http:\/\/t.co\/nkksw4ozE2","media_url_https":"https:\/\/pbs.twimg.com\/media\/B42m0EoIgAA4kMf.jpg","id_str":"544274543507177472","sizes":{"large":{"h":337,"resize":"fit","w":600},"small":{"h":190,"resize":"fit","w":340},"medium":{"h":337,"resize":"fit","w":600},"thumb":{"h":150,"resize":"crop","w":150}},"indices":[102,124],"type":"photo","id":544274543507177472,"media_url":"http:\/\/pbs.twimg.com\/media\/B42m0EoIgAA4kMf.jpg"}]}}{"contributors":null,"truncated":false,"text":"@exjon its NOT the same flag that Isis uses","in_reply_to_status_id":544274544174071809,"id":544276038923329536,"favorite_count":0,"source":"<a href=\"http:\/\/twitter.com\" rel=\"nofollow\">Twitter Web Client<\/a>","retweeted":false,"coordinates":null,"entities":{"symbols":[],"user_mentions":[{"id":16930489,"indices":[0,6],"id_str":"16930489","screen_name":"exjon","name":"jon gabriel"}],"hashtags":[],"urls":[]},"in_reply_to_screen_name":"exjon","id_str":"544276038923329536","retweet_count":0,"in_reply_to_user_id":16930489,"favorited":false,"user":{"follow_request_sent":false,"profile_use_background_image":true,"profile_text_color":"333333","default_profile_image":false,"id":41710264,"profile_background_image_url_https":"https:\/\/abs.twimg.com\/images\/themes\/theme14\/bg.gif","verified":false,"profile_location":null,"profile_image_url_https":"https:\/\/pbs.twimg.com\/profile_images\/588293389847769091\/0I3i8J87_normal.jpg","profile_sidebar_fill_color":"EFEFEF","entities":{"description":{"urls":[]}},"followers_count":252,"profile_sidebar_border_color":"000000","id_str":"41710264","profile_background_color":"131516","listed_count":15,"is_translation_enabled":false,"utc_offset":-18000,"statuses_count":35473,"description":"utterly defective cyberluddite.... is giving up on humanity.","friends_count":198,"location":"trapped in Earth's gravity","profile_link_color":"050505","profile_image_url":"http:\/\/pbs.twimg.com\/profile_images\/588293389847769091\/0I3i8J87_normal.jpg","following":false,"geo_enabled":false,"profile_banner_url":"https:\/\/pbs.twimg.com\/profile_banners\/41710264\/1400533277","profile_background_image_url":"http:\/\/abs.twimg.com\/images\/themes\/theme14\/bg.gif","name":"Kaijin Sama","lang":"en","profile_background_tile":true,"favourites_count":10461,"screen_name":"wallybert","notifications":false,"url":null,"created_at":"Fri May 22 00:21:05 +0000 2009","contributors_enabled":false,"time_zone":"Eastern Time (US & Canada)","protected":false,"default_profile":false,"is_translator":false},"geo":null,"in_reply_to_user_id_str":"16930489","lang":"en","created_at":"Sun Dec 14 23:41:34 +0000 2014","in_reply_to_status_id_str":"544274544174071809","place":null}