<?xml version='1.0' encoding='UTF-8'?>
<GateDocument version="3">
<!-- The document's features-->

<GateDocumentFeatures>
<Feature>
  <Name className="java.lang.String">gate.SourceURL</Name>
  <Value className="java.lang.String">created from String</Value>
</Feature>
</GateDocumentFeatures>
<!-- The document content area with serialized nodes -->

<TextWithNodes>This is some example document. It contains two sentences. </TextWithNodes>
<!-- The default annotation set -->

<AnnotationSet>
</AnnotationSet>

</GateDocument>
