<?xml version="1.0" encoding="windows-1252" ?>
<GateDocument>
<!-- The document's features-->

<GateDocumentFeatures>
<Feature>
  <Name className="java.lang.String">entitySet</Name>
  <Value className="java.lang.String">==== FILE: /Z:/Corpus/ft-bmi-09-may-2001.html
</Value>
</Feature>
<Feature>
  <Name className="java.lang.String">gate.SourceURL</Name>
  <Value className="java.lang.String">file:/Z:/Corpus/ft-bmi-09-may-2001.html</Value>
</Feature>
<Feature>
  <Name className="java.lang.String">gate.NAME</Name>
  <Value className="java.lang.String">doc2</Value>
</Feature>
<Feature>
  <Name className="java.lang.String">MimeType</Name>
  <Value className="java.lang.String">text/html</Value>
</Feature>
</GateDocumentFeatures>
<!-- The document content area with serialized nodes -->

<TextWithNodes><Node id="0"/>BMI British Midland<Node id="19"/>, the <Node id="25"/>UK<Node id="27"/>&apos;s second-largest airline by passenger volumes, suffered a <Node id="86"/>26 per cent<Node id="97"/> fall in pre-tax profits <Node id="122"/>last year<Node id="131"/> from <Node id="137"/>GBP11.1m<Node id="145"/> (<Node id="147"/>$15.8m<Node id="153"/>) to <Node id="158"/>GBP8.2m<Node id="165"/>.<Node id="166"/>

<Node id="168"/>Profits declined despite a <Node id="195"/>17 per cent<Node id="206"/> increase in turnover to <Node id="231"/>GBP739m<Node id="238"/> as the company invested heavily to prepare for the launch of its first scheduled long-haul services to the <Node id="346"/>US<Node id="348"/>.<Node id="349"/>

<Node id="351"/>The company also invested to reshape its European short-haul network in a joint venture with <Node id="444"/>Lufthansa<Node id="453"/> and <Node id="458"/>SAS Scandinavian Airlines<Node id="483"/>.<Node id="484"/>

<Node id="486"/>BMI<Node id="489"/> starts direct services from <Node id="518"/>Manchester<Node id="528"/> to <Node id="532"/>Washington DC<Node id="545"/> six times a week from <Node id="568"/>Saturday<Node id="576"/> and daily services to <Node id="599"/>Chicago<Node id="606"/> from <Node id="612"/>June 8<Node id="618"/>.<Node id="619"/>

<Node id="621"/>It charged <Node id="632"/>GBP4m<Node id="637"/> against profits for the investment in the transatlantic services. There was a further <Node id="724"/>GBP2m<Node id="729"/> for accelerated depreciation as a result of an upgrading of the airline&apos;s booking and reservation systems to bring it into line with systems used by other carriers in the <Node id="901"/>Star<Node id="905"/> alliance, which <Node id="922"/>BMI<Node id="925"/> joined <Node id="933"/>last year<Node id="942"/>.<Node id="943"/>

<Node id="945"/>Passenger volumes increased by <Node id="976"/>8.4 per cent<Node id="988"/> to 7.1m as the airline benefited from the chaos in the <Node id="1044"/>UK<Node id="1046"/> rail network <Node id="1060"/>last year<Node id="1069"/>.<Node id="1070"/>

<Node id="1072"/>Capacity was increased by just <Node id="1103"/>4.5 per cent<Node id="1115"/> and as a result the airline&apos;s load factor - the share of available seats sold - rose from <Node id="1206"/>61.6 to 64 per cent<Node id="1225"/>.<Node id="1226"/>

<Node id="1228"/>Sir Michael Bishop<Node id="1246"/>, chairman, said <Node id="1263"/>2001<Node id="1267"/> had &quot;started in a promising manner&quot;.<Node id="1304"/>

<Node id="1306"/>Turnover rose <Node id="1320"/>12 per cent<Node id="1331"/> in the <Node id="1339"/>first quarter<Node id="1352"/> while yields or average fare levels rose <Node id="1394"/>17 per cent<Node id="1405"/>, partly as a result of weakening price competition from the low-cost carriers, which had raised fares in the <Node id="1515"/>first quarter<Node id="1528"/> on <Node id="1532"/>UK<Node id="1534"/> domestic routes.<Node id="1551"/>

<Node id="1553"/>&quot;The era of very low pricing has passed its peak,&quot; <Node id="1604"/>Sir Michael<Node id="1615"/> said. Some fares were close to those of the full service airlines. &quot;Passengers can now choose between no frills and full service at prices that are not very different,&quot; he said.<Node id="1793"/>

<Node id="1795"/>Karl-Ludwig Kley<Node id="1811"/>, <Node id="1813"/>Lufthansa<Node id="1822"/> chief financial officer, has been appointed to the <Node id="1874"/>BMI<Node id="1877"/> board. <Node id="1885"/>Lufthansa<Node id="1894"/> and <Node id="1899"/>SAS<Node id="1902"/> both hold <Node id="1913"/>20 per cent<Node id="1924"/> stakes in <Node id="1935"/>BMI<Node id="1938"/>.<Node id="1939"/>

<Node id="1941"/>The long-haul services from <Node id="1969"/>Manchester<Node id="1979"/> to the <Node id="1987"/>US<Node id="1989"/> are being launched in a code-sharing arrangement with <Node id="2044"/>United Airlines<Node id="2059"/>. This will allow <Node id="2077"/>BMI<Node id="2080"/> to offer its customers flights with its own code to a further 20 <Node id="2146"/>US<Node id="2148"/> destinations.<Node id="2162"/>

<Node id="2164"/>The airline is also campaigning hard to break into the lucrative market from <Node id="2241"/>Heathrow<Node id="2249"/> to the <Node id="2257"/>US<Node id="2259"/>.<Node id="2260"/>
<Node id="2261"/></TextWithNodes>
<!-- The default annotation set -->

<AnnotationSet>
</AnnotationSet>
<!-- Named annotation set -->

<AnnotationSet Name="Key" >
<Annotation Id="15" Type="Location" StartNode="599" EndNode="606">
<Feature>
  <Name className="java.lang.String">rule1</Name>
  <Value className="java.lang.String">GazLocation</Value>
</Feature>
<Feature>
  <Name className="java.lang.String">rule2</Name>
  <Value className="java.lang.String">LocFinal</Value>
</Feature>
<Feature>
  <Name className="java.lang.String">locType</Name>
  <Value className="java.lang.String">city</Value>
</Feature>
</Annotation>
<Annotation Id="30" Type="Organization" StartNode="486" EndNode="489">
</Annotation>
<Annotation Id="43" Type="Location" StartNode="2241" EndNode="2249">
</Annotation>
<Annotation Id="16" Type="Date" StartNode="612" EndNode="618">
<Feature>
  <Name className="java.lang.String">rule1</Name>
  <Value className="java.lang.String">DateNameRev</Value>
</Feature>
<Feature>
  <Name className="java.lang.String">rule2</Name>
  <Value className="java.lang.String">DateOnlyFinal</Value>
</Feature>
<Feature>
  <Name className="java.lang.String">kind</Name>
  <Value className="java.lang.String">date</Value>
</Feature>
</Annotation>
<Annotation Id="31" Type="Location" StartNode="532" EndNode="545">
</Annotation>
<Annotation Id="48" Type="Date" StartNode="1339" EndNode="1352">
<Feature>
  <Name className="java.lang.String">kind</Name>
  <Value className="java.lang.String">date</Value>
</Feature>
</Annotation>
<Annotation Id="32" Type="Money" StartNode="632" EndNode="637">
</Annotation>
<Annotation Id="34" Type="Money" StartNode="231" EndNode="238">
</Annotation>
<Annotation Id="41" Type="Organization" StartNode="1935" EndNode="1938">
</Annotation>
<Annotation Id="1" Type="Percent" StartNode="86" EndNode="97">
<Feature>
  <Name className="java.lang.String">rule</Name>
  <Value className="java.lang.String">PercentBasic</Value>
</Feature>
</Annotation>
<Annotation Id="29" Type="Organization" StartNode="458" EndNode="483">
</Annotation>
<Annotation Id="14" Type="Date" StartNode="568" EndNode="576">
<Feature>
  <Name className="java.lang.String">rule1</Name>
  <Value className="java.lang.String">GazDate</Value>
</Feature>
<Feature>
  <Name className="java.lang.String">rule2</Name>
  <Value className="java.lang.String">DateOnlyFinal</Value>
</Feature>
<Feature>
  <Name className="java.lang.String">kind</Name>
  <Value className="java.lang.String">date</Value>
</Feature>
</Annotation>
<Annotation Id="47" Type="Date" StartNode="1060" EndNode="1069">
<Feature>
  <Name className="java.lang.String">kind</Name>
  <Value className="java.lang.String">date</Value>
</Feature>
</Annotation>
<Annotation Id="18" Type="Person" StartNode="1228" EndNode="1246">
<Feature>
  <Name className="java.lang.String">rule</Name>
  <Value className="java.lang.String">PersonFinal</Value>
</Feature>
<Feature>
  <Name className="java.lang.String">rule1</Name>
  <Value className="java.lang.String">PersonTitleGender</Value>
</Feature>
<Feature>
  <Name className="java.lang.String">gender</Name>
  <Value className="java.lang.String">male</Value>
</Feature>
</Annotation>
<Annotation Id="3" Type="Percent" StartNode="195" EndNode="206">
<Feature>
  <Name className="java.lang.String">rule</Name>
  <Value className="java.lang.String">PercentBasic</Value>
</Feature>
</Annotation>
<Annotation Id="12" Type="Organization" StartNode="444" EndNode="453">
<Feature>
  <Name className="java.lang.String">rule1</Name>
  <Value className="java.lang.String">GazOrganization</Value>
</Feature>
<Feature>
  <Name className="java.lang.String">rule2</Name>
  <Value className="java.lang.String">OrgFinal</Value>
</Feature>
<Feature>
  <Name className="java.lang.String">orgType</Name>
  <Value className="java.lang.String">company</Value>
</Feature>
</Annotation>
<Annotation Id="27" Type="Location" StartNode="2257" EndNode="2259">
<Feature>
  <Name className="java.lang.String">rule1</Name>
  <Value className="java.lang.String">GazLocation</Value>
</Feature>
<Feature>
  <Name className="java.lang.String">rule2</Name>
  <Value className="java.lang.String">LocFinal</Value>
</Feature>
<Feature>
  <Name className="java.lang.String">locType</Name>
  <Value className="java.lang.String">country</Value>
</Feature>
</Annotation>
<Annotation Id="44" Type="Person" StartNode="1795" EndNode="1811">
</Annotation>
<Annotation Id="17" Type="Location" StartNode="1044" EndNode="1046">
<Feature>
  <Name className="java.lang.String">rule1</Name>
  <Value className="java.lang.String">GazLocation</Value>
</Feature>
<Feature>
  <Name className="java.lang.String">rule2</Name>
  <Value className="java.lang.String">LocFinal</Value>
</Feature>
<Feature>
  <Name className="java.lang.String">locType</Name>
  <Value className="java.lang.String">country</Value>
</Feature>
</Annotation>
<Annotation Id="2" Type="Money" StartNode="147" EndNode="153">
<Feature>
  <Name className="java.lang.String">rule</Name>
  <Value className="java.lang.String">MoneySymbolUnit</Value>
</Feature>
<Feature>
  <Name className="java.lang.String">kind</Name>
  <Value className="java.lang.String">number</Value>
</Feature>
</Annotation>
<Annotation Id="13" Type="Location" StartNode="518" EndNode="528">
<Feature>
  <Name className="java.lang.String">rule1</Name>
  <Value className="java.lang.String">GazLocation</Value>
</Feature>
<Feature>
  <Name className="java.lang.String">rule2</Name>
  <Value className="java.lang.String">LocFinal</Value>
</Feature>
<Feature>
  <Name className="java.lang.String">locType</Name>
  <Value className="java.lang.String">city</Value>
</Feature>
</Annotation>
<Annotation Id="28" Type="Organization" StartNode="0" EndNode="19">
</Annotation>
<Annotation Id="38" Type="Organization" StartNode="922" EndNode="925">
</Annotation>
<Annotation Id="37" Type="Organization" StartNode="901" EndNode="905">
</Annotation>
<Annotation Id="8" Type="Percent" StartNode="1394" EndNode="1405">
<Feature>
  <Name className="java.lang.String">rule</Name>
  <Value className="java.lang.String">PercentBasic</Value>
</Feature>
</Annotation>
<Annotation Id="23" Type="Organization" StartNode="1885" EndNode="1894">
<Feature>
  <Name className="java.lang.String">rule1</Name>
  <Value className="java.lang.String">GazOrganization</Value>
</Feature>
<Feature>
  <Name className="java.lang.String">rule2</Name>
  <Value className="java.lang.String">OrgFinal</Value>
</Feature>
<Feature>
  <Name className="java.lang.String">orgType</Name>
  <Value className="java.lang.String">company</Value>
</Feature>
</Annotation>
<Annotation Id="40" Type="Organization" StartNode="1899" EndNode="1902">
</Annotation>
<Annotation Id="35" Type="Money" StartNode="137" EndNode="145">
</Annotation>
<Annotation Id="7" Type="Percent" StartNode="1320" EndNode="1331">
<Feature>
  <Name className="java.lang.String">rule</Name>
  <Value className="java.lang.String">PercentBasic</Value>
</Feature>
</Annotation>
<Annotation Id="49" Type="Date" StartNode="1515" EndNode="1528">
<Feature>
  <Name className="java.lang.String">kind</Name>
  <Value className="java.lang.String">date</Value>
</Feature>
</Annotation>
<Annotation Id="22" Type="Organization" StartNode="1813" EndNode="1822">
<Feature>
  <Name className="java.lang.String">rule1</Name>
  <Value className="java.lang.String">GazOrganization</Value>
</Feature>
<Feature>
  <Name className="java.lang.String">rule2</Name>
  <Value className="java.lang.String">OrgFinal</Value>
</Feature>
<Feature>
  <Name className="java.lang.String">orgType</Name>
  <Value className="java.lang.String">company</Value>
</Feature>
</Annotation>
<Annotation Id="9" Type="Percent" StartNode="1913" EndNode="1924">
<Feature>
  <Name className="java.lang.String">rule</Name>
  <Value className="java.lang.String">PercentBasic</Value>
</Feature>
</Annotation>
<Annotation Id="21" Type="Person" StartNode="1604" EndNode="1615">
<Feature>
  <Name className="java.lang.String">rule</Name>
  <Value className="java.lang.String">PersonFinal</Value>
</Feature>
<Feature>
  <Name className="java.lang.String">rule1</Name>
  <Value className="java.lang.String">PersonFirstTitle</Value>
</Feature>
<Feature>
  <Name className="java.lang.String">gender</Name>
  <Value className="java.lang.String">male</Value>
</Feature>
</Annotation>
<Annotation Id="33" Type="Money" StartNode="158" EndNode="165">
</Annotation>
<Annotation Id="6" Type="Percent" StartNode="1206" EndNode="1225">
<Feature>
  <Name className="java.lang.String">rule</Name>
  <Value className="java.lang.String">PercentSpan</Value>
</Feature>
</Annotation>
<Annotation Id="24" Type="Location" StartNode="1969" EndNode="1979">
<Feature>
  <Name className="java.lang.String">rule1</Name>
  <Value className="java.lang.String">GazLocation</Value>
</Feature>
<Feature>
  <Name className="java.lang.String">rule2</Name>
  <Value className="java.lang.String">LocFinal</Value>
</Feature>
<Feature>
  <Name className="java.lang.String">locType</Name>
  <Value className="java.lang.String">city</Value>
</Feature>
</Annotation>
<Annotation Id="42" Type="Organization" StartNode="2077" EndNode="2080">
</Annotation>
<Annotation Id="4" Type="Percent" StartNode="976" EndNode="988">
<Feature>
  <Name className="java.lang.String">rule</Name>
  <Value className="java.lang.String">PercentBasic</Value>
</Feature>
</Annotation>
<Annotation Id="19" Type="Date" StartNode="1263" EndNode="1267">
<Feature>
  <Name className="java.lang.String">rule1</Name>
  <Value className="java.lang.String">TempYear2</Value>
</Feature>
<Feature>
  <Name className="java.lang.String">rule2</Name>
  <Value className="java.lang.String">YearOnlyFinal</Value>
</Feature>
<Feature>
  <Name className="java.lang.String">kind</Name>
  <Value className="java.lang.String">date</Value>
</Feature>
</Annotation>
<Annotation Id="36" Type="Money" StartNode="724" EndNode="729">
</Annotation>
<Annotation Id="26" Type="Organization" StartNode="2044" EndNode="2059">
<Feature>
  <Name className="java.lang.String">rule1</Name>
  <Value className="java.lang.String">GazOrganization</Value>
</Feature>
<Feature>
  <Name className="java.lang.String">rule2</Name>
  <Value className="java.lang.String">OrgFinal</Value>
</Feature>
<Feature>
  <Name className="java.lang.String">orgType</Name>
  <Value className="java.lang.String">company</Value>
</Feature>
</Annotation>
<Annotation Id="11" Type="Location" StartNode="346" EndNode="348">
<Feature>
  <Name className="java.lang.String">rule1</Name>
  <Value className="java.lang.String">GazLocation</Value>
</Feature>
<Feature>
  <Name className="java.lang.String">rule2</Name>
  <Value className="java.lang.String">LocFinal</Value>
</Feature>
<Feature>
  <Name className="java.lang.String">locType</Name>
  <Value className="java.lang.String">country</Value>
</Feature>
</Annotation>
<Annotation Id="39" Type="Organization" StartNode="1874" EndNode="1877">
</Annotation>
<Annotation Id="45" Type="Date" StartNode="122" EndNode="131">
<Feature>
  <Name className="java.lang.String">kind</Name>
  <Value className="java.lang.String">date</Value>
</Feature>
</Annotation>
<Annotation Id="20" Type="Location" StartNode="1532" EndNode="1534">
<Feature>
  <Name className="java.lang.String">rule1</Name>
  <Value className="java.lang.String">GazLocation</Value>
</Feature>
<Feature>
  <Name className="java.lang.String">rule2</Name>
  <Value className="java.lang.String">LocFinal</Value>
</Feature>
<Feature>
  <Name className="java.lang.String">locType</Name>
  <Value className="java.lang.String">country</Value>
</Feature>
</Annotation>
<Annotation Id="46" Type="Date" StartNode="933" EndNode="942">
<Feature>
  <Name className="java.lang.String">kind</Name>
  <Value className="java.lang.String">date</Value>
</Feature>
</Annotation>
<Annotation Id="25" Type="Location" StartNode="1987" EndNode="1989">
<Feature>
  <Name className="java.lang.String">rule1</Name>
  <Value className="java.lang.String">GazLocation</Value>
</Feature>
<Feature>
  <Name className="java.lang.String">rule2</Name>
  <Value className="java.lang.String">LocFinal</Value>
</Feature>
<Feature>
  <Name className="java.lang.String">locType</Name>
  <Value className="java.lang.String">country</Value>
</Feature>
</Annotation>
<Annotation Id="10" Type="Location" StartNode="25" EndNode="27">
<Feature>
  <Name className="java.lang.String">rule1</Name>
  <Value className="java.lang.String">GazLocation</Value>
</Feature>
<Feature>
  <Name className="java.lang.String">rule2</Name>
  <Value className="java.lang.String">LocFinal</Value>
</Feature>
<Feature>
  <Name className="java.lang.String">locType</Name>
  <Value className="java.lang.String">country</Value>
</Feature>
</Annotation>
<Annotation Id="5" Type="Percent" StartNode="1103" EndNode="1115">
<Feature>
  <Name className="java.lang.String">rule</Name>
  <Value className="java.lang.String">PercentBasic</Value>
</Feature>
</Annotation>
<Annotation Id="0" Type="Location" StartNode="2146" EndNode="2148">
</Annotation>
</AnnotationSet>
<!-- Named annotation set -->

<AnnotationSet Name="Original markups" >
<Annotation Id="62" Type="table" StartNode="0" EndNode="2261">
<Feature>
  <Name className="java.lang.String">vlink</Name>
  <Value className="java.lang.String">#330033</Value>
</Feature>
<Feature>
  <Name className="java.lang.String">marginheight</Name>
  <Value className="java.lang.String">0</Value>
</Feature>
<Feature>
  <Name className="java.lang.String">width</Name>
  <Value className="java.lang.String">618</Value>
</Feature>
<Feature>
  <Name className="java.lang.String">cellpadding</Name>
  <Value className="java.lang.String">0</Value>
</Feature>
<Feature>
  <Name className="java.lang.String">topmargin</Name>
  <Value className="java.lang.String">0</Value>
</Feature>
<Feature>
  <Name className="java.lang.String">leftmargin</Name>
  <Value className="java.lang.String">0</Value>
</Feature>
<Feature>
  <Name className="java.lang.String">cellspacing</Name>
  <Value className="java.lang.String">0</Value>
</Feature>
<Feature>
  <Name className="java.lang.String">marginwidth</Name>
  <Value className="java.lang.String">0</Value>
</Feature>
<Feature>
  <Name className="java.lang.String">link</Name>
  <Value className="java.lang.String">#330033</Value>
</Feature>
<Feature>
  <Name className="java.lang.String">border</Name>
  <Value className="java.lang.String">0</Value>
</Feature>
<Feature>
  <Name className="java.lang.String">bgcolor</Name>
  <Value className="java.lang.String">#ffffff</Value>
</Feature>
<Feature>
  <Name className="java.lang.String">alink</Name>
  <Value className="java.lang.String">#996600</Value>
</Feature>
</Annotation>
<Annotation Id="95" Type="p" StartNode="1306" EndNode="1551">
</Annotation>
<Annotation Id="73" Type="tr" StartNode="0" EndNode="2261">
</Annotation>
<Annotation Id="96" Type="p" StartNode="1553" EndNode="1793">
</Annotation>
<Annotation Id="97" Type="p" StartNode="1795" EndNode="1939">
</Annotation>
<Annotation Id="60" Type="body" StartNode="0" EndNode="2261">
<Feature>
  <Name className="java.lang.String">_implied_</Name>
  <Value className="java.lang.String">true</Value>
</Feature>
</Annotation>
<Annotation Id="98" Type="p" StartNode="1941" EndNode="2162">
</Annotation>
<Annotation Id="102" Type="TEXT" StartNode="0" EndNode="2261">
</Annotation>
<Annotation Id="94" Type="p" StartNode="1228" EndNode="1304">
</Annotation>
<Annotation Id="99" Type="p" StartNode="2164" EndNode="2260">
</Annotation>
<Annotation Id="87" Type="p" StartNode="0" EndNode="166">
</Annotation>
<Annotation Id="93" Type="p" StartNode="1072" EndNode="1226">
</Annotation>
<Annotation Id="88" Type="p" StartNode="168" EndNode="349">
</Annotation>
<Annotation Id="90" Type="p" StartNode="486" EndNode="619">
</Annotation>
<Annotation Id="50" Type="html" StartNode="0" EndNode="2261">
</Annotation>
<Annotation Id="91" Type="p" StartNode="621" EndNode="943">
</Annotation>
<Annotation Id="92" Type="p" StartNode="945" EndNode="1070">
</Annotation>
<Annotation Id="74" Type="td" StartNode="0" EndNode="2261">
<Feature>
  <Name className="java.lang.String">colspan</Name>
  <Value className="java.lang.String">2</Value>
</Feature>
</Annotation>
<Annotation Id="89" Type="p" StartNode="351" EndNode="484">
</Annotation>
</AnnotationSet>
</GateDocument>