<?xml version="1.0" encoding="windows-1252" ?>
<GateDocument>
<!-- The document's features-->

<GateDocumentFeatures>
<Feature>
  <Name className="java.lang.String">gate.SourceURL</Name>
  <Value className="java.lang.String">file:/Z:/gatecorpora/news/business/test/in-whitbread-10-aug-2001.html</Value>
</Feature>
<Feature>
  <Name className="java.lang.String">MimeType</Name>
  <Value className="java.lang.String">text/html</Value>
</Feature>
</GateDocumentFeatures>
<!-- The document content area with serialized nodes -->

<TextWithNodes><Node id="0"/>Whitbread, the hotels to leisure group, will double the number of its David Lloyd Leisure clubs to 100 over the next five years and at an estimated cost of £500m.<Node id="163"/>

<Node id="165"/>Whitbread, which has sold off its brewing and pubs businesses to focus on hotels, restaurants, and leisure, plans to open eight clubs next year, mainly in the South. The 52 new clubs are expected to yield 500,000 members.<Node id="386"/>

<Node id="388"/>Analysts were surprised at the timing of the announcement, given the deteriorating state of the British economy. One said: &quot;The subsector is in for a tough time. Whitbread would do better to wait for six months and then start snapping up the competition.&quot;<Node id="643"/>

<Node id="645"/>Stewart Miller, managing director of David Lloyd Leisure, said there was &quot;clear room for expansion ... in a sector that is growing at around 25 per cent a year&quot;. His aim is to make the company a household name in health and fitness. Around 5 per cent of the population belong to a gym, compared with 12 per cent in the US.<Node id="967"/>

<Node id="969"/>Whitbread has no plans to follow the likes of Fitness First across the Channel, although one of its 42 clubs is in Dublin. A spokesman said: &quot;Our focus is on the UK where we see great opportunities, but we are keeping our eyes on Europe.&quot;<Node id="1207"/>

<Node id="1209"/>Whitbread is also preparing to sell its cheaper, London-based Curzon gyms as part of its drive to focus on David Lloyd Leisure and increase the 12 per cent that the business currently contributes to group profits. Like-for-like sales at the health and fitness clubs are growing by around 10 per cent, the company said.<Node id="1527"/>

<Node id="1529"/>Whitbread shares closed up 2p at 645p.<Node id="1567"/>

<Node id="1569"/>Separately, Esporta, a small-cap health and fitness operator, sold two non-core Espress clubs in London to Top Notch Health clubs for £2.2m, to focus on developing its chain of large, family-orientated clubs.<Node id="1778"/></TextWithNodes>
<!-- The default annotation set -->

<AnnotationSet>
</AnnotationSet>
<!-- Named annotation set -->

<AnnotationSet Name="Original markups" >
<Annotation Id="47" Type="body" StartNode="0" EndNode="1778">
<Feature>
  <Name className="java.lang.String">bgcolor</Name>
  <Value className="java.lang.String">#ffffff</Value>
</Feature>
<Feature>
  <Name className="java.lang.String">text</Name>
  <Value className="java.lang.String">#000000</Value>
</Feature>
</Annotation>
<Annotation Id="23" Type="p" StartNode="645" EndNode="967">
</Annotation>
<Annotation Id="22" Type="p" StartNode="969" EndNode="1207">
</Annotation>
<Annotation Id="21" Type="p" StartNode="1209" EndNode="1527">
</Annotation>
<Annotation Id="24" Type="p" StartNode="388" EndNode="643">
</Annotation>
<Annotation Id="19" Type="p" StartNode="1569" EndNode="1778">
</Annotation>
<Annotation Id="26" Type="p" StartNode="0" EndNode="163">
</Annotation>
<Annotation Id="50" Type="html" StartNode="0" EndNode="1778">
</Annotation>
<Annotation Id="20" Type="p" StartNode="1529" EndNode="1567">
</Annotation>
<Annotation Id="25" Type="p" StartNode="165" EndNode="386">
</Annotation>
<Annotation Id="0" Type="TEXT" StartNode="0" EndNode="1778">
</Annotation>
</AnnotationSet>
</GateDocument>