<?xml version='1.0' encoding='UTF-8'?>
<GateDocument version="3">
<!-- The document's features-->

<GateDocumentFeatures>
<Feature>
  <Name className="java.lang.String">mimeType</Name>
  <Value className="java.lang.String">text/x-json-twitter</Value>
</Feature>
</GateDocumentFeatures>
<!-- The document content area with serialized nodes -->

<TextWithNodes><Node id="0"/>If<Node id="2"/> <Node id="3"/>you<Node id="6"/> <Node id="7"/>'re<Node id="10"/> <Node id="11"/>in<Node id="13"/> <Node id="14"/>Nottingham<Node id="24"/> <Node id="25"/>and<Node id="28"/> <Node id="29"/>want<Node id="33"/> <Node id="34"/>some<Node id="38"/> <Node id="39"/>stuff<Node id="44"/> <Node id="45"/>embroidering<Node id="57"/> <Node id="58"/>for<Node id="61"/> <Node id="62"/>your<Node id="66"/> <Node id="67"/>company<Node id="74"/> <Node id="75"/>,<Node id="76"/> <Node id="77"/>avoid<Node id="82"/> <Node id="83"/>EMSD<Node id="87"/> <Node id="88"/>in<Node id="90"/> <Node id="91"/>ruddington<Node id="101"/> <Node id="102"/>,<Node id="103"/> <Node id="104"/>took<Node id="108"/> <Node id="109"/>4<Node id="110"/> <Node id="111"/>weeks<Node id="116"/> <Node id="117"/>to<Node id="119"/> <Node id="120"/>do<Node id="122"/> <Node id="123"/>3<Node id="124"/> <Node id="125"/>tshirts<Node id="132"/> <Node id="133"/>&amp;<Node id="134"/> <Node id="135"/>then<Node id="139"/> <Node id="140"/>...<Node id="143"/></TextWithNodes>
<!-- The default annotation set -->

<AnnotationSet>
</AnnotationSet>

<!-- Named annotation set -->

<AnnotationSet Name="consensus">
</AnnotationSet>

<!-- Named annotation set -->

<AnnotationSet Name="crowdDisputed">
</AnnotationSet>

<!-- Named annotation set -->

<AnnotationSet Name="crowdResults">
<Annotation Id="32" Type="Location" StartNode="91" EndNode="101">
<Feature>
  <Name className="java.lang.String">trust</Name>
  <Value className="java.lang.String">0.93375</Value>
</Feature>
<Feature>
  <Name className="java.lang.String">cf_judgment</Name>
  <Value className="java.lang.String">1060906713</Value>
</Feature>
<Feature>
  <Name className="java.lang.String">worker_id</Name>
  <Value className="java.lang.String">20719151</Value>
</Feature>
</Annotation>
<Annotation Id="30" Type="Organization" StartNode="83" EndNode="87">
<Feature>
  <Name className="java.lang.String">trust</Name>
  <Value className="java.lang.String">0.836538461538462</Value>
</Feature>
<Feature>
  <Name className="java.lang.String">cf_judgment</Name>
  <Value className="java.lang.String">1166715654</Value>
</Feature>
<Feature>
  <Name className="java.lang.String">worker_id</Name>
  <Value className="java.lang.String">17769212</Value>
</Feature>
</Annotation>
<Annotation Id="31" Type="Location" StartNode="14" EndNode="24">
<Feature>
  <Name className="java.lang.String">trust</Name>
  <Value className="java.lang.String">0.93375</Value>
</Feature>
<Feature>
  <Name className="java.lang.String">cf_judgment</Name>
  <Value className="java.lang.String">1060906713</Value>
</Feature>
<Feature>
  <Name className="java.lang.String">worker_id</Name>
  <Value className="java.lang.String">20719151</Value>
</Feature>
</Annotation>
</AnnotationSet>

<!-- Named annotation set -->

<AnnotationSet Name="Original markups">
</AnnotationSet>

<!-- Named annotation set -->

<AnnotationSet Name="merged">
</AnnotationSet>

<!-- Named annotation set -->

<AnnotationSet Name="maxRecall">
<Annotation Id="1" Type="Token" StartNode="0" EndNode="2">
<Feature>
  <Name className="java.lang.String">length</Name>
  <Value className="java.lang.String">2</Value>
</Feature>
<Feature>
  <Name className="java.lang.String">string</Name>
  <Value className="java.lang.String">If</Value>
</Feature>
</Annotation>
<Annotation Id="2" Type="Token" StartNode="3" EndNode="6">
<Feature>
  <Name className="java.lang.String">length</Name>
  <Value className="java.lang.String">3</Value>
</Feature>
<Feature>
  <Name className="java.lang.String">string</Name>
  <Value className="java.lang.String">you</Value>
</Feature>
</Annotation>
<Annotation Id="3" Type="Token" StartNode="7" EndNode="10">
<Feature>
  <Name className="java.lang.String">length</Name>
  <Value className="java.lang.String">3</Value>
</Feature>
<Feature>
  <Name className="java.lang.String">string</Name>
  <Value className="java.lang.String">'re</Value>
</Feature>
</Annotation>
<Annotation Id="4" Type="Token" StartNode="11" EndNode="13">
<Feature>
  <Name className="java.lang.String">length</Name>
  <Value className="java.lang.String">2</Value>
</Feature>
<Feature>
  <Name className="java.lang.String">string</Name>
  <Value className="java.lang.String">in</Value>
</Feature>
</Annotation>
<Annotation Id="5" Type="Token" StartNode="14" EndNode="24">
<Feature>
  <Name className="java.lang.String">length</Name>
  <Value className="java.lang.String">10</Value>
</Feature>
<Feature>
  <Name className="java.lang.String">string</Name>
  <Value className="java.lang.String">Nottingham</Value>
</Feature>
</Annotation>
<Annotation Id="6" Type="Token" StartNode="25" EndNode="28">
<Feature>
  <Name className="java.lang.String">length</Name>
  <Value className="java.lang.String">3</Value>
</Feature>
<Feature>
  <Name className="java.lang.String">string</Name>
  <Value className="java.lang.String">and</Value>
</Feature>
</Annotation>
<Annotation Id="7" Type="Token" StartNode="29" EndNode="33">
<Feature>
  <Name className="java.lang.String">length</Name>
  <Value className="java.lang.String">4</Value>
</Feature>
<Feature>
  <Name className="java.lang.String">string</Name>
  <Value className="java.lang.String">want</Value>
</Feature>
</Annotation>
<Annotation Id="8" Type="Token" StartNode="34" EndNode="38">
<Feature>
  <Name className="java.lang.String">length</Name>
  <Value className="java.lang.String">4</Value>
</Feature>
<Feature>
  <Name className="java.lang.String">string</Name>
  <Value className="java.lang.String">some</Value>
</Feature>
</Annotation>
<Annotation Id="9" Type="Token" StartNode="39" EndNode="44">
<Feature>
  <Name className="java.lang.String">length</Name>
  <Value className="java.lang.String">5</Value>
</Feature>
<Feature>
  <Name className="java.lang.String">string</Name>
  <Value className="java.lang.String">stuff</Value>
</Feature>
</Annotation>
<Annotation Id="10" Type="Token" StartNode="45" EndNode="57">
<Feature>
  <Name className="java.lang.String">length</Name>
  <Value className="java.lang.String">12</Value>
</Feature>
<Feature>
  <Name className="java.lang.String">string</Name>
  <Value className="java.lang.String">embroidering</Value>
</Feature>
</Annotation>
<Annotation Id="11" Type="Token" StartNode="58" EndNode="61">
<Feature>
  <Name className="java.lang.String">length</Name>
  <Value className="java.lang.String">3</Value>
</Feature>
<Feature>
  <Name className="java.lang.String">string</Name>
  <Value className="java.lang.String">for</Value>
</Feature>
</Annotation>
<Annotation Id="12" Type="Token" StartNode="62" EndNode="66">
<Feature>
  <Name className="java.lang.String">length</Name>
  <Value className="java.lang.String">4</Value>
</Feature>
<Feature>
  <Name className="java.lang.String">string</Name>
  <Value className="java.lang.String">your</Value>
</Feature>
</Annotation>
<Annotation Id="13" Type="Token" StartNode="67" EndNode="74">
<Feature>
  <Name className="java.lang.String">length</Name>
  <Value className="java.lang.String">7</Value>
</Feature>
<Feature>
  <Name className="java.lang.String">string</Name>
  <Value className="java.lang.String">company</Value>
</Feature>
</Annotation>
<Annotation Id="14" Type="Token" StartNode="75" EndNode="76">
<Feature>
  <Name className="java.lang.String">length</Name>
  <Value className="java.lang.String">1</Value>
</Feature>
<Feature>
  <Name className="java.lang.String">string</Name>
  <Value className="java.lang.String">,</Value>
</Feature>
</Annotation>
<Annotation Id="15" Type="Token" StartNode="77" EndNode="82">
<Feature>
  <Name className="java.lang.String">length</Name>
  <Value className="java.lang.String">5</Value>
</Feature>
<Feature>
  <Name className="java.lang.String">string</Name>
  <Value className="java.lang.String">avoid</Value>
</Feature>
</Annotation>
<Annotation Id="16" Type="Token" StartNode="83" EndNode="87">
<Feature>
  <Name className="java.lang.String">length</Name>
  <Value className="java.lang.String">4</Value>
</Feature>
<Feature>
  <Name className="java.lang.String">string</Name>
  <Value className="java.lang.String">EMSD</Value>
</Feature>
</Annotation>
<Annotation Id="17" Type="Token" StartNode="88" EndNode="90">
<Feature>
  <Name className="java.lang.String">length</Name>
  <Value className="java.lang.String">2</Value>
</Feature>
<Feature>
  <Name className="java.lang.String">string</Name>
  <Value className="java.lang.String">in</Value>
</Feature>
</Annotation>
<Annotation Id="18" Type="Token" StartNode="91" EndNode="101">
<Feature>
  <Name className="java.lang.String">length</Name>
  <Value className="java.lang.String">10</Value>
</Feature>
<Feature>
  <Name className="java.lang.String">string</Name>
  <Value className="java.lang.String">ruddington</Value>
</Feature>
</Annotation>
<Annotation Id="19" Type="Token" StartNode="102" EndNode="103">
<Feature>
  <Name className="java.lang.String">length</Name>
  <Value className="java.lang.String">1</Value>
</Feature>
<Feature>
  <Name className="java.lang.String">string</Name>
  <Value className="java.lang.String">,</Value>
</Feature>
</Annotation>
<Annotation Id="20" Type="Token" StartNode="104" EndNode="108">
<Feature>
  <Name className="java.lang.String">length</Name>
  <Value className="java.lang.String">4</Value>
</Feature>
<Feature>
  <Name className="java.lang.String">string</Name>
  <Value className="java.lang.String">took</Value>
</Feature>
</Annotation>
<Annotation Id="21" Type="Token" StartNode="109" EndNode="110">
<Feature>
  <Name className="java.lang.String">length</Name>
  <Value className="java.lang.String">1</Value>
</Feature>
<Feature>
  <Name className="java.lang.String">string</Name>
  <Value className="java.lang.String">4</Value>
</Feature>
</Annotation>
<Annotation Id="22" Type="Token" StartNode="111" EndNode="116">
<Feature>
  <Name className="java.lang.String">length</Name>
  <Value className="java.lang.String">5</Value>
</Feature>
<Feature>
  <Name className="java.lang.String">string</Name>
  <Value className="java.lang.String">weeks</Value>
</Feature>
</Annotation>
<Annotation Id="23" Type="Token" StartNode="117" EndNode="119">
<Feature>
  <Name className="java.lang.String">length</Name>
  <Value className="java.lang.String">2</Value>
</Feature>
<Feature>
  <Name className="java.lang.String">string</Name>
  <Value className="java.lang.String">to</Value>
</Feature>
</Annotation>
<Annotation Id="24" Type="Token" StartNode="120" EndNode="122">
<Feature>
  <Name className="java.lang.String">length</Name>
  <Value className="java.lang.String">2</Value>
</Feature>
<Feature>
  <Name className="java.lang.String">string</Name>
  <Value className="java.lang.String">do</Value>
</Feature>
</Annotation>
<Annotation Id="25" Type="Token" StartNode="123" EndNode="124">
<Feature>
  <Name className="java.lang.String">length</Name>
  <Value className="java.lang.String">1</Value>
</Feature>
<Feature>
  <Name className="java.lang.String">string</Name>
  <Value className="java.lang.String">3</Value>
</Feature>
</Annotation>
<Annotation Id="26" Type="Token" StartNode="125" EndNode="132">
<Feature>
  <Name className="java.lang.String">length</Name>
  <Value className="java.lang.String">7</Value>
</Feature>
<Feature>
  <Name className="java.lang.String">string</Name>
  <Value className="java.lang.String">tshirts</Value>
</Feature>
</Annotation>
<Annotation Id="27" Type="Token" StartNode="133" EndNode="134">
<Feature>
  <Name className="java.lang.String">length</Name>
  <Value className="java.lang.String">1</Value>
</Feature>
<Feature>
  <Name className="java.lang.String">string</Name>
  <Value className="java.lang.String">&amp;</Value>
</Feature>
</Annotation>
<Annotation Id="28" Type="Token" StartNode="135" EndNode="139">
<Feature>
  <Name className="java.lang.String">length</Name>
  <Value className="java.lang.String">4</Value>
</Feature>
<Feature>
  <Name className="java.lang.String">string</Name>
  <Value className="java.lang.String">then</Value>
</Feature>
</Annotation>
<Annotation Id="29" Type="Token" StartNode="140" EndNode="143">
<Feature>
  <Name className="java.lang.String">length</Name>
  <Value className="java.lang.String">3</Value>
</Feature>
<Feature>
  <Name className="java.lang.String">string</Name>
  <Value className="java.lang.String">...</Value>
</Feature>
</Annotation>
<Annotation Id="38" Type="Organization" StartNode="83" EndNode="87">
</Annotation>
<Annotation Id="39" Type="Location" StartNode="14" EndNode="24">
</Annotation>
<Annotation Id="40" Type="Location" StartNode="91" EndNode="101">
</Annotation>
</AnnotationSet>

<!-- Named annotation set -->

<AnnotationSet Name="Key">
<Annotation Id="0" Type="Tweet" StartNode="0" EndNode="143">
<Feature>
  <Name className="java.lang.String">lang</Name>
  <Value className="java.lang.String">english</Value>
</Feature>
<Feature>
  <Name className="java.lang.String">id_str</Name>
  <Value className="java.lang.String">154246659839246336</Value>
</Feature>
</Annotation>
<Annotation Id="1" Type="Token" StartNode="0" EndNode="2">
<Feature>
  <Name className="java.lang.String">length</Name>
  <Value className="java.lang.String">2</Value>
</Feature>
<Feature>
  <Name className="java.lang.String">string</Name>
  <Value className="java.lang.String">If</Value>
</Feature>
</Annotation>
<Annotation Id="2" Type="Token" StartNode="3" EndNode="6">
<Feature>
  <Name className="java.lang.String">length</Name>
  <Value className="java.lang.String">3</Value>
</Feature>
<Feature>
  <Name className="java.lang.String">string</Name>
  <Value className="java.lang.String">you</Value>
</Feature>
</Annotation>
<Annotation Id="3" Type="Token" StartNode="7" EndNode="10">
<Feature>
  <Name className="java.lang.String">length</Name>
  <Value className="java.lang.String">3</Value>
</Feature>
<Feature>
  <Name className="java.lang.String">string</Name>
  <Value className="java.lang.String">'re</Value>
</Feature>
</Annotation>
<Annotation Id="4" Type="Token" StartNode="11" EndNode="13">
<Feature>
  <Name className="java.lang.String">length</Name>
  <Value className="java.lang.String">2</Value>
</Feature>
<Feature>
  <Name className="java.lang.String">string</Name>
  <Value className="java.lang.String">in</Value>
</Feature>
</Annotation>
<Annotation Id="5" Type="Token" StartNode="14" EndNode="24">
<Feature>
  <Name className="java.lang.String">length</Name>
  <Value className="java.lang.String">10</Value>
</Feature>
<Feature>
  <Name className="java.lang.String">string</Name>
  <Value className="java.lang.String">Nottingham</Value>
</Feature>
</Annotation>
<Annotation Id="6" Type="Token" StartNode="25" EndNode="28">
<Feature>
  <Name className="java.lang.String">length</Name>
  <Value className="java.lang.String">3</Value>
</Feature>
<Feature>
  <Name className="java.lang.String">string</Name>
  <Value className="java.lang.String">and</Value>
</Feature>
</Annotation>
<Annotation Id="7" Type="Token" StartNode="29" EndNode="33">
<Feature>
  <Name className="java.lang.String">length</Name>
  <Value className="java.lang.String">4</Value>
</Feature>
<Feature>
  <Name className="java.lang.String">string</Name>
  <Value className="java.lang.String">want</Value>
</Feature>
</Annotation>
<Annotation Id="8" Type="Token" StartNode="34" EndNode="38">
<Feature>
  <Name className="java.lang.String">length</Name>
  <Value className="java.lang.String">4</Value>
</Feature>
<Feature>
  <Name className="java.lang.String">string</Name>
  <Value className="java.lang.String">some</Value>
</Feature>
</Annotation>
<Annotation Id="9" Type="Token" StartNode="39" EndNode="44">
<Feature>
  <Name className="java.lang.String">length</Name>
  <Value className="java.lang.String">5</Value>
</Feature>
<Feature>
  <Name className="java.lang.String">string</Name>
  <Value className="java.lang.String">stuff</Value>
</Feature>
</Annotation>
<Annotation Id="10" Type="Token" StartNode="45" EndNode="57">
<Feature>
  <Name className="java.lang.String">length</Name>
  <Value className="java.lang.String">12</Value>
</Feature>
<Feature>
  <Name className="java.lang.String">string</Name>
  <Value className="java.lang.String">embroidering</Value>
</Feature>
</Annotation>
<Annotation Id="11" Type="Token" StartNode="58" EndNode="61">
<Feature>
  <Name className="java.lang.String">length</Name>
  <Value className="java.lang.String">3</Value>
</Feature>
<Feature>
  <Name className="java.lang.String">string</Name>
  <Value className="java.lang.String">for</Value>
</Feature>
</Annotation>
<Annotation Id="12" Type="Token" StartNode="62" EndNode="66">
<Feature>
  <Name className="java.lang.String">length</Name>
  <Value className="java.lang.String">4</Value>
</Feature>
<Feature>
  <Name className="java.lang.String">string</Name>
  <Value className="java.lang.String">your</Value>
</Feature>
</Annotation>
<Annotation Id="13" Type="Token" StartNode="67" EndNode="74">
<Feature>
  <Name className="java.lang.String">length</Name>
  <Value className="java.lang.String">7</Value>
</Feature>
<Feature>
  <Name className="java.lang.String">string</Name>
  <Value className="java.lang.String">company</Value>
</Feature>
</Annotation>
<Annotation Id="14" Type="Token" StartNode="75" EndNode="76">
<Feature>
  <Name className="java.lang.String">length</Name>
  <Value className="java.lang.String">1</Value>
</Feature>
<Feature>
  <Name className="java.lang.String">string</Name>
  <Value className="java.lang.String">,</Value>
</Feature>
</Annotation>
<Annotation Id="15" Type="Token" StartNode="77" EndNode="82">
<Feature>
  <Name className="java.lang.String">length</Name>
  <Value className="java.lang.String">5</Value>
</Feature>
<Feature>
  <Name className="java.lang.String">string</Name>
  <Value className="java.lang.String">avoid</Value>
</Feature>
</Annotation>
<Annotation Id="16" Type="Token" StartNode="83" EndNode="87">
<Feature>
  <Name className="java.lang.String">length</Name>
  <Value className="java.lang.String">4</Value>
</Feature>
<Feature>
  <Name className="java.lang.String">string</Name>
  <Value className="java.lang.String">EMSD</Value>
</Feature>
</Annotation>
<Annotation Id="17" Type="Token" StartNode="88" EndNode="90">
<Feature>
  <Name className="java.lang.String">length</Name>
  <Value className="java.lang.String">2</Value>
</Feature>
<Feature>
  <Name className="java.lang.String">string</Name>
  <Value className="java.lang.String">in</Value>
</Feature>
</Annotation>
<Annotation Id="18" Type="Token" StartNode="91" EndNode="101">
<Feature>
  <Name className="java.lang.String">length</Name>
  <Value className="java.lang.String">10</Value>
</Feature>
<Feature>
  <Name className="java.lang.String">string</Name>
  <Value className="java.lang.String">ruddington</Value>
</Feature>
</Annotation>
<Annotation Id="19" Type="Token" StartNode="102" EndNode="103">
<Feature>
  <Name className="java.lang.String">length</Name>
  <Value className="java.lang.String">1</Value>
</Feature>
<Feature>
  <Name className="java.lang.String">string</Name>
  <Value className="java.lang.String">,</Value>
</Feature>
</Annotation>
<Annotation Id="20" Type="Token" StartNode="104" EndNode="108">
<Feature>
  <Name className="java.lang.String">length</Name>
  <Value className="java.lang.String">4</Value>
</Feature>
<Feature>
  <Name className="java.lang.String">string</Name>
  <Value className="java.lang.String">took</Value>
</Feature>
</Annotation>
<Annotation Id="21" Type="Token" StartNode="109" EndNode="110">
<Feature>
  <Name className="java.lang.String">length</Name>
  <Value className="java.lang.String">1</Value>
</Feature>
<Feature>
  <Name className="java.lang.String">string</Name>
  <Value className="java.lang.String">4</Value>
</Feature>
</Annotation>
<Annotation Id="22" Type="Token" StartNode="111" EndNode="116">
<Feature>
  <Name className="java.lang.String">length</Name>
  <Value className="java.lang.String">5</Value>
</Feature>
<Feature>
  <Name className="java.lang.String">string</Name>
  <Value className="java.lang.String">weeks</Value>
</Feature>
</Annotation>
<Annotation Id="23" Type="Token" StartNode="117" EndNode="119">
<Feature>
  <Name className="java.lang.String">length</Name>
  <Value className="java.lang.String">2</Value>
</Feature>
<Feature>
  <Name className="java.lang.String">string</Name>
  <Value className="java.lang.String">to</Value>
</Feature>
</Annotation>
<Annotation Id="24" Type="Token" StartNode="120" EndNode="122">
<Feature>
  <Name className="java.lang.String">length</Name>
  <Value className="java.lang.String">2</Value>
</Feature>
<Feature>
  <Name className="java.lang.String">string</Name>
  <Value className="java.lang.String">do</Value>
</Feature>
</Annotation>
<Annotation Id="25" Type="Token" StartNode="123" EndNode="124">
<Feature>
  <Name className="java.lang.String">length</Name>
  <Value className="java.lang.String">1</Value>
</Feature>
<Feature>
  <Name className="java.lang.String">string</Name>
  <Value className="java.lang.String">3</Value>
</Feature>
</Annotation>
<Annotation Id="26" Type="Token" StartNode="125" EndNode="132">
<Feature>
  <Name className="java.lang.String">length</Name>
  <Value className="java.lang.String">7</Value>
</Feature>
<Feature>
  <Name className="java.lang.String">string</Name>
  <Value className="java.lang.String">tshirts</Value>
</Feature>
</Annotation>
<Annotation Id="27" Type="Token" StartNode="133" EndNode="134">
<Feature>
  <Name className="java.lang.String">length</Name>
  <Value className="java.lang.String">1</Value>
</Feature>
<Feature>
  <Name className="java.lang.String">string</Name>
  <Value className="java.lang.String">&amp;</Value>
</Feature>
</Annotation>
<Annotation Id="28" Type="Token" StartNode="135" EndNode="139">
<Feature>
  <Name className="java.lang.String">length</Name>
  <Value className="java.lang.String">4</Value>
</Feature>
<Feature>
  <Name className="java.lang.String">string</Name>
  <Value className="java.lang.String">then</Value>
</Feature>
</Annotation>
<Annotation Id="29" Type="Token" StartNode="140" EndNode="143">
<Feature>
  <Name className="java.lang.String">length</Name>
  <Value className="java.lang.String">3</Value>
</Feature>
<Feature>
  <Name className="java.lang.String">string</Name>
  <Value className="java.lang.String">...</Value>
</Feature>
</Annotation>
<Annotation Id="41" Type="Location" StartNode="14" EndNode="24">
</Annotation>
<Annotation Id="42" Type="Organization" StartNode="83" EndNode="87">
</Annotation>
<Annotation Id="43" Type="Location" StartNode="91" EndNode="101">
</Annotation>
</AnnotationSet>

</GateDocument>
