<?xml version='1.0' encoding='UTF-8'?>
<GateDocument version="3">
<!-- The document's features-->

<GateDocumentFeatures>
<Feature>
  <Name className="java.lang.String">mimeType</Name>
  <Value className="java.lang.String">text/x-json-twitter</Value>
</Feature>
</GateDocumentFeatures>
<!-- The document content area with serialized nodes -->

<TextWithNodes><Node id="0"/>West<Node id="4"/> <Node id="5"/>Brom<Node id="9"/> <Node id="10"/>0<Node id="11"/> <Node id="12"/>Everton<Node id="19"/> <Node id="20"/>FC<Node id="22"/> <Node id="23"/>1<Node id="24"/> <Node id="25"/>:<Node id="26"/> <Node id="27"/>Blues<Node id="32"/> <Node id="33"/>start<Node id="38"/> <Node id="39"/>the<Node id="42"/> <Node id="43"/>New<Node id="46"/> <Node id="47"/>Year<Node id="51"/> <Node id="52"/>Victory<Node id="59"/> <Node id="60"/>party<Node id="65"/> <Node id="66"/>with<Node id="70"/> <Node id="71"/>win<Node id="74"/> <Node id="75"/>at<Node id="77"/> <Node id="78"/>West<Node id="82"/> <Node id="83"/>Bromwich<Node id="91"/> <Node id="92"/>Albion<Node id="98"/> <Node id="99"/>http://t.co/suXt5llI<Node id="119"/> <Node id="120"/>#<Node id="121"/> <Node id="122"/>EFC<Node id="125"/> <Node id="126"/>#<Node id="127"/> <Node id="128"/>EvertonFC<Node id="137"/></TextWithNodes>
<!-- The default annotation set -->

<AnnotationSet>
</AnnotationSet>

<!-- Named annotation set -->

<AnnotationSet Name="consensus">
</AnnotationSet>

<!-- Named annotation set -->

<AnnotationSet Name="crowdDisputed">
</AnnotationSet>

<!-- Named annotation set -->

<AnnotationSet Name="crowdResults">
<Annotation Id="26" Type="Organization" StartNode="0" EndNode="9">
<Feature>
  <Name className="java.lang.String">trust</Name>
  <Value className="java.lang.String">0.883064516129032</Value>
</Feature>
<Feature>
  <Name className="java.lang.String">cf_judgment</Name>
  <Value className="java.lang.String">1062382231</Value>
</Feature>
<Feature>
  <Name className="java.lang.String">worker_id</Name>
  <Value className="java.lang.String">20721963</Value>
</Feature>
</Annotation>
<Annotation Id="27" Type="Organization" StartNode="12" EndNode="24">
<Feature>
  <Name className="java.lang.String">trust</Name>
  <Value className="java.lang.String">0.883064516129032</Value>
</Feature>
<Feature>
  <Name className="java.lang.String">cf_judgment</Name>
  <Value className="java.lang.String">1062382231</Value>
</Feature>
<Feature>
  <Name className="java.lang.String">worker_id</Name>
  <Value className="java.lang.String">20721963</Value>
</Feature>
</Annotation>
<Annotation Id="28" Type="Organization" StartNode="78" EndNode="91">
<Feature>
  <Name className="java.lang.String">trust</Name>
  <Value className="java.lang.String">0.883064516129032</Value>
</Feature>
<Feature>
  <Name className="java.lang.String">cf_judgment</Name>
  <Value className="java.lang.String">1062382231</Value>
</Feature>
<Feature>
  <Name className="java.lang.String">worker_id</Name>
  <Value className="java.lang.String">20721963</Value>
</Feature>
</Annotation>
<Annotation Id="29" Type="Organization" StartNode="122" EndNode="125">
<Feature>
  <Name className="java.lang.String">trust</Name>
  <Value className="java.lang.String">0.883064516129032</Value>
</Feature>
<Feature>
  <Name className="java.lang.String">cf_judgment</Name>
  <Value className="java.lang.String">1062382231</Value>
</Feature>
<Feature>
  <Name className="java.lang.String">worker_id</Name>
  <Value className="java.lang.String">20721963</Value>
</Feature>
</Annotation>
<Annotation Id="30" Type="Organization" StartNode="128" EndNode="137">
<Feature>
  <Name className="java.lang.String">trust</Name>
  <Value className="java.lang.String">0.883064516129032</Value>
</Feature>
<Feature>
  <Name className="java.lang.String">cf_judgment</Name>
  <Value className="java.lang.String">1062382231</Value>
</Feature>
<Feature>
  <Name className="java.lang.String">worker_id</Name>
  <Value className="java.lang.String">20721963</Value>
</Feature>
</Annotation>
<Annotation Id="31" Type="Location" StartNode="78" EndNode="98">
<Feature>
  <Name className="java.lang.String">trust</Name>
  <Value className="java.lang.String">0.929166666666667</Value>
</Feature>
<Feature>
  <Name className="java.lang.String">cf_judgment</Name>
  <Value className="java.lang.String">1062408144</Value>
</Feature>
<Feature>
  <Name className="java.lang.String">worker_id</Name>
  <Value className="java.lang.String">20721963</Value>
</Feature>
</Annotation>
</AnnotationSet>

<!-- Named annotation set -->

<AnnotationSet Name="Original markups">
</AnnotationSet>

<!-- Named annotation set -->

<AnnotationSet Name="merged">
</AnnotationSet>

<!-- Named annotation set -->

<AnnotationSet Name="maxRecall">
<Annotation Id="1" Type="Token" StartNode="0" EndNode="4">
<Feature>
  <Name className="java.lang.String">length</Name>
  <Value className="java.lang.String">4</Value>
</Feature>
<Feature>
  <Name className="java.lang.String">string</Name>
  <Value className="java.lang.String">West</Value>
</Feature>
</Annotation>
<Annotation Id="2" Type="Token" StartNode="5" EndNode="9">
<Feature>
  <Name className="java.lang.String">length</Name>
  <Value className="java.lang.String">4</Value>
</Feature>
<Feature>
  <Name className="java.lang.String">string</Name>
  <Value className="java.lang.String">Brom</Value>
</Feature>
</Annotation>
<Annotation Id="3" Type="Token" StartNode="10" EndNode="11">
<Feature>
  <Name className="java.lang.String">length</Name>
  <Value className="java.lang.String">1</Value>
</Feature>
<Feature>
  <Name className="java.lang.String">string</Name>
  <Value className="java.lang.String">0</Value>
</Feature>
</Annotation>
<Annotation Id="4" Type="Token" StartNode="12" EndNode="19">
<Feature>
  <Name className="java.lang.String">length</Name>
  <Value className="java.lang.String">7</Value>
</Feature>
<Feature>
  <Name className="java.lang.String">string</Name>
  <Value className="java.lang.String">Everton</Value>
</Feature>
</Annotation>
<Annotation Id="5" Type="Token" StartNode="20" EndNode="22">
<Feature>
  <Name className="java.lang.String">length</Name>
  <Value className="java.lang.String">2</Value>
</Feature>
<Feature>
  <Name className="java.lang.String">string</Name>
  <Value className="java.lang.String">FC</Value>
</Feature>
</Annotation>
<Annotation Id="6" Type="Token" StartNode="23" EndNode="24">
<Feature>
  <Name className="java.lang.String">length</Name>
  <Value className="java.lang.String">1</Value>
</Feature>
<Feature>
  <Name className="java.lang.String">string</Name>
  <Value className="java.lang.String">1</Value>
</Feature>
</Annotation>
<Annotation Id="7" Type="Token" StartNode="25" EndNode="26">
<Feature>
  <Name className="java.lang.String">length</Name>
  <Value className="java.lang.String">1</Value>
</Feature>
<Feature>
  <Name className="java.lang.String">string</Name>
  <Value className="java.lang.String">:</Value>
</Feature>
</Annotation>
<Annotation Id="8" Type="Token" StartNode="27" EndNode="32">
<Feature>
  <Name className="java.lang.String">length</Name>
  <Value className="java.lang.String">5</Value>
</Feature>
<Feature>
  <Name className="java.lang.String">string</Name>
  <Value className="java.lang.String">Blues</Value>
</Feature>
</Annotation>
<Annotation Id="9" Type="Token" StartNode="33" EndNode="38">
<Feature>
  <Name className="java.lang.String">length</Name>
  <Value className="java.lang.String">5</Value>
</Feature>
<Feature>
  <Name className="java.lang.String">string</Name>
  <Value className="java.lang.String">start</Value>
</Feature>
</Annotation>
<Annotation Id="10" Type="Token" StartNode="39" EndNode="42">
<Feature>
  <Name className="java.lang.String">length</Name>
  <Value className="java.lang.String">3</Value>
</Feature>
<Feature>
  <Name className="java.lang.String">string</Name>
  <Value className="java.lang.String">the</Value>
</Feature>
</Annotation>
<Annotation Id="11" Type="Token" StartNode="43" EndNode="46">
<Feature>
  <Name className="java.lang.String">length</Name>
  <Value className="java.lang.String">3</Value>
</Feature>
<Feature>
  <Name className="java.lang.String">string</Name>
  <Value className="java.lang.String">New</Value>
</Feature>
</Annotation>
<Annotation Id="12" Type="Token" StartNode="47" EndNode="51">
<Feature>
  <Name className="java.lang.String">length</Name>
  <Value className="java.lang.String">4</Value>
</Feature>
<Feature>
  <Name className="java.lang.String">string</Name>
  <Value className="java.lang.String">Year</Value>
</Feature>
</Annotation>
<Annotation Id="13" Type="Token" StartNode="52" EndNode="59">
<Feature>
  <Name className="java.lang.String">length</Name>
  <Value className="java.lang.String">7</Value>
</Feature>
<Feature>
  <Name className="java.lang.String">string</Name>
  <Value className="java.lang.String">Victory</Value>
</Feature>
</Annotation>
<Annotation Id="14" Type="Token" StartNode="60" EndNode="65">
<Feature>
  <Name className="java.lang.String">length</Name>
  <Value className="java.lang.String">5</Value>
</Feature>
<Feature>
  <Name className="java.lang.String">string</Name>
  <Value className="java.lang.String">party</Value>
</Feature>
</Annotation>
<Annotation Id="15" Type="Token" StartNode="66" EndNode="70">
<Feature>
  <Name className="java.lang.String">length</Name>
  <Value className="java.lang.String">4</Value>
</Feature>
<Feature>
  <Name className="java.lang.String">string</Name>
  <Value className="java.lang.String">with</Value>
</Feature>
</Annotation>
<Annotation Id="16" Type="Token" StartNode="71" EndNode="74">
<Feature>
  <Name className="java.lang.String">length</Name>
  <Value className="java.lang.String">3</Value>
</Feature>
<Feature>
  <Name className="java.lang.String">string</Name>
  <Value className="java.lang.String">win</Value>
</Feature>
</Annotation>
<Annotation Id="17" Type="Token" StartNode="75" EndNode="77">
<Feature>
  <Name className="java.lang.String">length</Name>
  <Value className="java.lang.String">2</Value>
</Feature>
<Feature>
  <Name className="java.lang.String">string</Name>
  <Value className="java.lang.String">at</Value>
</Feature>
</Annotation>
<Annotation Id="18" Type="Token" StartNode="78" EndNode="82">
<Feature>
  <Name className="java.lang.String">length</Name>
  <Value className="java.lang.String">4</Value>
</Feature>
<Feature>
  <Name className="java.lang.String">string</Name>
  <Value className="java.lang.String">West</Value>
</Feature>
</Annotation>
<Annotation Id="19" Type="Token" StartNode="83" EndNode="91">
<Feature>
  <Name className="java.lang.String">length</Name>
  <Value className="java.lang.String">8</Value>
</Feature>
<Feature>
  <Name className="java.lang.String">string</Name>
  <Value className="java.lang.String">Bromwich</Value>
</Feature>
</Annotation>
<Annotation Id="20" Type="Token" StartNode="92" EndNode="98">
<Feature>
  <Name className="java.lang.String">length</Name>
  <Value className="java.lang.String">6</Value>
</Feature>
<Feature>
  <Name className="java.lang.String">string</Name>
  <Value className="java.lang.String">Albion</Value>
</Feature>
</Annotation>
<Annotation Id="21" Type="Token" StartNode="99" EndNode="119">
<Feature>
  <Name className="java.lang.String">length</Name>
  <Value className="java.lang.String">20</Value>
</Feature>
<Feature>
  <Name className="java.lang.String">string</Name>
  <Value className="java.lang.String">http://t.co/suXt5llI</Value>
</Feature>
</Annotation>
<Annotation Id="22" Type="Token" StartNode="120" EndNode="121">
<Feature>
  <Name className="java.lang.String">length</Name>
  <Value className="java.lang.String">1</Value>
</Feature>
<Feature>
  <Name className="java.lang.String">string</Name>
  <Value className="java.lang.String">#</Value>
</Feature>
</Annotation>
<Annotation Id="23" Type="Token" StartNode="122" EndNode="125">
<Feature>
  <Name className="java.lang.String">length</Name>
  <Value className="java.lang.String">3</Value>
</Feature>
<Feature>
  <Name className="java.lang.String">string</Name>
  <Value className="java.lang.String">EFC</Value>
</Feature>
</Annotation>
<Annotation Id="24" Type="Token" StartNode="126" EndNode="127">
<Feature>
  <Name className="java.lang.String">length</Name>
  <Value className="java.lang.String">1</Value>
</Feature>
<Feature>
  <Name className="java.lang.String">string</Name>
  <Value className="java.lang.String">#</Value>
</Feature>
</Annotation>
<Annotation Id="25" Type="Token" StartNode="128" EndNode="137">
<Feature>
  <Name className="java.lang.String">length</Name>
  <Value className="java.lang.String">9</Value>
</Feature>
<Feature>
  <Name className="java.lang.String">string</Name>
  <Value className="java.lang.String">EvertonFC</Value>
</Feature>
</Annotation>
<Annotation Id="53" Type="Organization" StartNode="0" EndNode="9">
</Annotation>
<Annotation Id="54" Type="Organization" StartNode="12" EndNode="24">
</Annotation>
<Annotation Id="55" Type="Organization" StartNode="78" EndNode="91">
</Annotation>
<Annotation Id="56" Type="Organization" StartNode="122" EndNode="125">
</Annotation>
<Annotation Id="57" Type="Organization" StartNode="128" EndNode="137">
</Annotation>
<Annotation Id="58" Type="Location" StartNode="78" EndNode="98">
</Annotation>
</AnnotationSet>

<!-- Named annotation set -->

<AnnotationSet Name="Key">
<Annotation Id="0" Type="Tweet" StartNode="0" EndNode="137">
<Feature>
  <Name className="java.lang.String">lang</Name>
  <Value className="java.lang.String">english</Value>
</Feature>
<Feature>
  <Name className="java.lang.String">id_str</Name>
  <Value className="java.lang.String">153751087634067456</Value>
</Feature>
</Annotation>
<Annotation Id="1" Type="Token" StartNode="0" EndNode="4">
<Feature>
  <Name className="java.lang.String">length</Name>
  <Value className="java.lang.String">4</Value>
</Feature>
<Feature>
  <Name className="java.lang.String">string</Name>
  <Value className="java.lang.String">West</Value>
</Feature>
</Annotation>
<Annotation Id="2" Type="Token" StartNode="5" EndNode="9">
<Feature>
  <Name className="java.lang.String">length</Name>
  <Value className="java.lang.String">4</Value>
</Feature>
<Feature>
  <Name className="java.lang.String">string</Name>
  <Value className="java.lang.String">Brom</Value>
</Feature>
</Annotation>
<Annotation Id="3" Type="Token" StartNode="10" EndNode="11">
<Feature>
  <Name className="java.lang.String">length</Name>
  <Value className="java.lang.String">1</Value>
</Feature>
<Feature>
  <Name className="java.lang.String">string</Name>
  <Value className="java.lang.String">0</Value>
</Feature>
</Annotation>
<Annotation Id="4" Type="Token" StartNode="12" EndNode="19">
<Feature>
  <Name className="java.lang.String">length</Name>
  <Value className="java.lang.String">7</Value>
</Feature>
<Feature>
  <Name className="java.lang.String">string</Name>
  <Value className="java.lang.String">Everton</Value>
</Feature>
</Annotation>
<Annotation Id="5" Type="Token" StartNode="20" EndNode="22">
<Feature>
  <Name className="java.lang.String">length</Name>
  <Value className="java.lang.String">2</Value>
</Feature>
<Feature>
  <Name className="java.lang.String">string</Name>
  <Value className="java.lang.String">FC</Value>
</Feature>
</Annotation>
<Annotation Id="6" Type="Token" StartNode="23" EndNode="24">
<Feature>
  <Name className="java.lang.String">length</Name>
  <Value className="java.lang.String">1</Value>
</Feature>
<Feature>
  <Name className="java.lang.String">string</Name>
  <Value className="java.lang.String">1</Value>
</Feature>
</Annotation>
<Annotation Id="7" Type="Token" StartNode="25" EndNode="26">
<Feature>
  <Name className="java.lang.String">length</Name>
  <Value className="java.lang.String">1</Value>
</Feature>
<Feature>
  <Name className="java.lang.String">string</Name>
  <Value className="java.lang.String">:</Value>
</Feature>
</Annotation>
<Annotation Id="8" Type="Token" StartNode="27" EndNode="32">
<Feature>
  <Name className="java.lang.String">length</Name>
  <Value className="java.lang.String">5</Value>
</Feature>
<Feature>
  <Name className="java.lang.String">string</Name>
  <Value className="java.lang.String">Blues</Value>
</Feature>
</Annotation>
<Annotation Id="9" Type="Token" StartNode="33" EndNode="38">
<Feature>
  <Name className="java.lang.String">length</Name>
  <Value className="java.lang.String">5</Value>
</Feature>
<Feature>
  <Name className="java.lang.String">string</Name>
  <Value className="java.lang.String">start</Value>
</Feature>
</Annotation>
<Annotation Id="10" Type="Token" StartNode="39" EndNode="42">
<Feature>
  <Name className="java.lang.String">length</Name>
  <Value className="java.lang.String">3</Value>
</Feature>
<Feature>
  <Name className="java.lang.String">string</Name>
  <Value className="java.lang.String">the</Value>
</Feature>
</Annotation>
<Annotation Id="11" Type="Token" StartNode="43" EndNode="46">
<Feature>
  <Name className="java.lang.String">length</Name>
  <Value className="java.lang.String">3</Value>
</Feature>
<Feature>
  <Name className="java.lang.String">string</Name>
  <Value className="java.lang.String">New</Value>
</Feature>
</Annotation>
<Annotation Id="12" Type="Token" StartNode="47" EndNode="51">
<Feature>
  <Name className="java.lang.String">length</Name>
  <Value className="java.lang.String">4</Value>
</Feature>
<Feature>
  <Name className="java.lang.String">string</Name>
  <Value className="java.lang.String">Year</Value>
</Feature>
</Annotation>
<Annotation Id="13" Type="Token" StartNode="52" EndNode="59">
<Feature>
  <Name className="java.lang.String">length</Name>
  <Value className="java.lang.String">7</Value>
</Feature>
<Feature>
  <Name className="java.lang.String">string</Name>
  <Value className="java.lang.String">Victory</Value>
</Feature>
</Annotation>
<Annotation Id="14" Type="Token" StartNode="60" EndNode="65">
<Feature>
  <Name className="java.lang.String">length</Name>
  <Value className="java.lang.String">5</Value>
</Feature>
<Feature>
  <Name className="java.lang.String">string</Name>
  <Value className="java.lang.String">party</Value>
</Feature>
</Annotation>
<Annotation Id="15" Type="Token" StartNode="66" EndNode="70">
<Feature>
  <Name className="java.lang.String">length</Name>
  <Value className="java.lang.String">4</Value>
</Feature>
<Feature>
  <Name className="java.lang.String">string</Name>
  <Value className="java.lang.String">with</Value>
</Feature>
</Annotation>
<Annotation Id="16" Type="Token" StartNode="71" EndNode="74">
<Feature>
  <Name className="java.lang.String">length</Name>
  <Value className="java.lang.String">3</Value>
</Feature>
<Feature>
  <Name className="java.lang.String">string</Name>
  <Value className="java.lang.String">win</Value>
</Feature>
</Annotation>
<Annotation Id="17" Type="Token" StartNode="75" EndNode="77">
<Feature>
  <Name className="java.lang.String">length</Name>
  <Value className="java.lang.String">2</Value>
</Feature>
<Feature>
  <Name className="java.lang.String">string</Name>
  <Value className="java.lang.String">at</Value>
</Feature>
</Annotation>
<Annotation Id="18" Type="Token" StartNode="78" EndNode="82">
<Feature>
  <Name className="java.lang.String">length</Name>
  <Value className="java.lang.String">4</Value>
</Feature>
<Feature>
  <Name className="java.lang.String">string</Name>
  <Value className="java.lang.String">West</Value>
</Feature>
</Annotation>
<Annotation Id="19" Type="Token" StartNode="83" EndNode="91">
<Feature>
  <Name className="java.lang.String">length</Name>
  <Value className="java.lang.String">8</Value>
</Feature>
<Feature>
  <Name className="java.lang.String">string</Name>
  <Value className="java.lang.String">Bromwich</Value>
</Feature>
</Annotation>
<Annotation Id="20" Type="Token" StartNode="92" EndNode="98">
<Feature>
  <Name className="java.lang.String">length</Name>
  <Value className="java.lang.String">6</Value>
</Feature>
<Feature>
  <Name className="java.lang.String">string</Name>
  <Value className="java.lang.String">Albion</Value>
</Feature>
</Annotation>
<Annotation Id="21" Type="Token" StartNode="99" EndNode="119">
<Feature>
  <Name className="java.lang.String">length</Name>
  <Value className="java.lang.String">20</Value>
</Feature>
<Feature>
  <Name className="java.lang.String">string</Name>
  <Value className="java.lang.String">http://t.co/suXt5llI</Value>
</Feature>
</Annotation>
<Annotation Id="22" Type="Token" StartNode="120" EndNode="121">
<Feature>
  <Name className="java.lang.String">length</Name>
  <Value className="java.lang.String">1</Value>
</Feature>
<Feature>
  <Name className="java.lang.String">string</Name>
  <Value className="java.lang.String">#</Value>
</Feature>
</Annotation>
<Annotation Id="23" Type="Token" StartNode="122" EndNode="125">
<Feature>
  <Name className="java.lang.String">length</Name>
  <Value className="java.lang.String">3</Value>
</Feature>
<Feature>
  <Name className="java.lang.String">string</Name>
  <Value className="java.lang.String">EFC</Value>
</Feature>
</Annotation>
<Annotation Id="24" Type="Token" StartNode="126" EndNode="127">
<Feature>
  <Name className="java.lang.String">length</Name>
  <Value className="java.lang.String">1</Value>
</Feature>
<Feature>
  <Name className="java.lang.String">string</Name>
  <Value className="java.lang.String">#</Value>
</Feature>
</Annotation>
<Annotation Id="25" Type="Token" StartNode="128" EndNode="137">
<Feature>
  <Name className="java.lang.String">length</Name>
  <Value className="java.lang.String">9</Value>
</Feature>
<Feature>
  <Name className="java.lang.String">string</Name>
  <Value className="java.lang.String">EvertonFC</Value>
</Feature>
</Annotation>
<Annotation Id="59" Type="Organization" StartNode="0" EndNode="9">
</Annotation>
<Annotation Id="60" Type="Organization" StartNode="12" EndNode="24">
</Annotation>
<Annotation Id="61" Type="Location" StartNode="78" EndNode="98">
</Annotation>
<Annotation Id="62" Type="Organization" StartNode="122" EndNode="125">
</Annotation>
<Annotation Id="63" Type="Organization" StartNode="128" EndNode="137">
</Annotation>
</AnnotationSet>

</GateDocument>
