<?xml version='1.0' encoding='UTF-8'?>
<GateDocument version="3">
<!-- The document's features-->

<GateDocumentFeatures>
<Feature>
  <Name className="java.lang.String">mimeType</Name>
  <Value className="java.lang.String">text/x-json-twitter</Value>
</Feature>
</GateDocumentFeatures>
<!-- The document content area with serialized nodes -->

<TextWithNodes><Node id="0"/>EU<Node id="2"/> <Node id="3"/>Proposes<Node id="11"/> <Node id="12"/>Expanding<Node id="21"/> <Node id="22"/>Counter-Piracy<Node id="36"/> <Node id="37"/>Operations<Node id="47"/> <Node id="48"/>to<Node id="50"/> <Node id="51"/>Attack<Node id="57"/> <Node id="58"/>Pirate<Node id="64"/> <Node id="65"/>Bases<Node id="70"/> <Node id="71"/>Directly<Node id="79"/> <Node id="80"/>,<Node id="81"/> <Node id="82"/>Pirates<Node id="89"/> <Node id="90"/>Threaten<Node id="98"/> <Node id="99"/>Hostageshttp<Node id="111"/> <Node id="112"/>:<Node id="113"/> <Node id="114"/>//t.co/3OOFvuqu<Node id="129"/></TextWithNodes>
<!-- The default annotation set -->

<AnnotationSet>
</AnnotationSet>

<!-- Named annotation set -->

<AnnotationSet Name="consensus">
</AnnotationSet>

<!-- Named annotation set -->

<AnnotationSet Name="crowdDisputed">
</AnnotationSet>

<!-- Named annotation set -->

<AnnotationSet Name="crowdResults">
<Annotation Id="17" Type="Organization" StartNode="0" EndNode="2">
<Feature>
  <Name className="java.lang.String">trust</Name>
  <Value className="java.lang.String">0.883064516129032</Value>
</Feature>
<Feature>
  <Name className="java.lang.String">cf_judgment</Name>
  <Value className="java.lang.String">1059514241</Value>
</Feature>
<Feature>
  <Name className="java.lang.String">worker_id</Name>
  <Value className="java.lang.String">20721963</Value>
</Feature>
</Annotation>
<Annotation Id="18" Type="Organization" StartNode="0" EndNode="2">
<Feature>
  <Name className="java.lang.String">trust</Name>
  <Value className="java.lang.String">0.897147147147147</Value>
</Feature>
<Feature>
  <Name className="java.lang.String">cf_judgment</Name>
  <Value className="java.lang.String">1060913928</Value>
</Feature>
<Feature>
  <Name className="java.lang.String">worker_id</Name>
  <Value className="java.lang.String">20719151</Value>
</Feature>
</Annotation>
</AnnotationSet>

<!-- Named annotation set -->

<AnnotationSet Name="Original markups">
</AnnotationSet>

<!-- Named annotation set -->

<AnnotationSet Name="merged">
</AnnotationSet>

<!-- Named annotation set -->

<AnnotationSet Name="maxRecall">
<Annotation Id="1" Type="Token" StartNode="0" EndNode="2">
<Feature>
  <Name className="java.lang.String">length</Name>
  <Value className="java.lang.String">2</Value>
</Feature>
<Feature>
  <Name className="java.lang.String">string</Name>
  <Value className="java.lang.String">EU</Value>
</Feature>
</Annotation>
<Annotation Id="2" Type="Token" StartNode="3" EndNode="11">
<Feature>
  <Name className="java.lang.String">length</Name>
  <Value className="java.lang.String">8</Value>
</Feature>
<Feature>
  <Name className="java.lang.String">string</Name>
  <Value className="java.lang.String">Proposes</Value>
</Feature>
</Annotation>
<Annotation Id="3" Type="Token" StartNode="12" EndNode="21">
<Feature>
  <Name className="java.lang.String">length</Name>
  <Value className="java.lang.String">9</Value>
</Feature>
<Feature>
  <Name className="java.lang.String">string</Name>
  <Value className="java.lang.String">Expanding</Value>
</Feature>
</Annotation>
<Annotation Id="4" Type="Token" StartNode="22" EndNode="36">
<Feature>
  <Name className="java.lang.String">length</Name>
  <Value className="java.lang.String">14</Value>
</Feature>
<Feature>
  <Name className="java.lang.String">string</Name>
  <Value className="java.lang.String">Counter-Piracy</Value>
</Feature>
</Annotation>
<Annotation Id="5" Type="Token" StartNode="37" EndNode="47">
<Feature>
  <Name className="java.lang.String">length</Name>
  <Value className="java.lang.String">10</Value>
</Feature>
<Feature>
  <Name className="java.lang.String">string</Name>
  <Value className="java.lang.String">Operations</Value>
</Feature>
</Annotation>
<Annotation Id="6" Type="Token" StartNode="48" EndNode="50">
<Feature>
  <Name className="java.lang.String">length</Name>
  <Value className="java.lang.String">2</Value>
</Feature>
<Feature>
  <Name className="java.lang.String">string</Name>
  <Value className="java.lang.String">to</Value>
</Feature>
</Annotation>
<Annotation Id="7" Type="Token" StartNode="51" EndNode="57">
<Feature>
  <Name className="java.lang.String">length</Name>
  <Value className="java.lang.String">6</Value>
</Feature>
<Feature>
  <Name className="java.lang.String">string</Name>
  <Value className="java.lang.String">Attack</Value>
</Feature>
</Annotation>
<Annotation Id="8" Type="Token" StartNode="58" EndNode="64">
<Feature>
  <Name className="java.lang.String">length</Name>
  <Value className="java.lang.String">6</Value>
</Feature>
<Feature>
  <Name className="java.lang.String">string</Name>
  <Value className="java.lang.String">Pirate</Value>
</Feature>
</Annotation>
<Annotation Id="9" Type="Token" StartNode="65" EndNode="70">
<Feature>
  <Name className="java.lang.String">length</Name>
  <Value className="java.lang.String">5</Value>
</Feature>
<Feature>
  <Name className="java.lang.String">string</Name>
  <Value className="java.lang.String">Bases</Value>
</Feature>
</Annotation>
<Annotation Id="10" Type="Token" StartNode="71" EndNode="79">
<Feature>
  <Name className="java.lang.String">length</Name>
  <Value className="java.lang.String">8</Value>
</Feature>
<Feature>
  <Name className="java.lang.String">string</Name>
  <Value className="java.lang.String">Directly</Value>
</Feature>
</Annotation>
<Annotation Id="11" Type="Token" StartNode="80" EndNode="81">
<Feature>
  <Name className="java.lang.String">length</Name>
  <Value className="java.lang.String">1</Value>
</Feature>
<Feature>
  <Name className="java.lang.String">string</Name>
  <Value className="java.lang.String">,</Value>
</Feature>
</Annotation>
<Annotation Id="12" Type="Token" StartNode="82" EndNode="89">
<Feature>
  <Name className="java.lang.String">length</Name>
  <Value className="java.lang.String">7</Value>
</Feature>
<Feature>
  <Name className="java.lang.String">string</Name>
  <Value className="java.lang.String">Pirates</Value>
</Feature>
</Annotation>
<Annotation Id="13" Type="Token" StartNode="90" EndNode="98">
<Feature>
  <Name className="java.lang.String">length</Name>
  <Value className="java.lang.String">8</Value>
</Feature>
<Feature>
  <Name className="java.lang.String">string</Name>
  <Value className="java.lang.String">Threaten</Value>
</Feature>
</Annotation>
<Annotation Id="14" Type="Token" StartNode="99" EndNode="111">
<Feature>
  <Name className="java.lang.String">length</Name>
  <Value className="java.lang.String">12</Value>
</Feature>
<Feature>
  <Name className="java.lang.String">string</Name>
  <Value className="java.lang.String">Hostageshttp</Value>
</Feature>
</Annotation>
<Annotation Id="15" Type="Token" StartNode="112" EndNode="113">
<Feature>
  <Name className="java.lang.String">length</Name>
  <Value className="java.lang.String">1</Value>
</Feature>
<Feature>
  <Name className="java.lang.String">string</Name>
  <Value className="java.lang.String">:</Value>
</Feature>
</Annotation>
<Annotation Id="16" Type="Token" StartNode="114" EndNode="129">
<Feature>
  <Name className="java.lang.String">length</Name>
  <Value className="java.lang.String">15</Value>
</Feature>
<Feature>
  <Name className="java.lang.String">string</Name>
  <Value className="java.lang.String">//t.co/3OOFvuqu</Value>
</Feature>
</Annotation>
<Annotation Id="22" Type="Organization" StartNode="0" EndNode="2">
</Annotation>
</AnnotationSet>

<!-- Named annotation set -->

<AnnotationSet Name="Key">
<Annotation Id="0" Type="Tweet" StartNode="0" EndNode="129">
<Feature>
  <Name className="java.lang.String">lang</Name>
  <Value className="java.lang.String">english</Value>
</Feature>
<Feature>
  <Name className="java.lang.String">id_str</Name>
  <Value className="java.lang.String">154252964092063744</Value>
</Feature>
</Annotation>
<Annotation Id="1" Type="Token" StartNode="0" EndNode="2">
<Feature>
  <Name className="java.lang.String">length</Name>
  <Value className="java.lang.String">2</Value>
</Feature>
<Feature>
  <Name className="java.lang.String">string</Name>
  <Value className="java.lang.String">EU</Value>
</Feature>
</Annotation>
<Annotation Id="2" Type="Token" StartNode="3" EndNode="11">
<Feature>
  <Name className="java.lang.String">length</Name>
  <Value className="java.lang.String">8</Value>
</Feature>
<Feature>
  <Name className="java.lang.String">string</Name>
  <Value className="java.lang.String">Proposes</Value>
</Feature>
</Annotation>
<Annotation Id="3" Type="Token" StartNode="12" EndNode="21">
<Feature>
  <Name className="java.lang.String">length</Name>
  <Value className="java.lang.String">9</Value>
</Feature>
<Feature>
  <Name className="java.lang.String">string</Name>
  <Value className="java.lang.String">Expanding</Value>
</Feature>
</Annotation>
<Annotation Id="4" Type="Token" StartNode="22" EndNode="36">
<Feature>
  <Name className="java.lang.String">length</Name>
  <Value className="java.lang.String">14</Value>
</Feature>
<Feature>
  <Name className="java.lang.String">string</Name>
  <Value className="java.lang.String">Counter-Piracy</Value>
</Feature>
</Annotation>
<Annotation Id="5" Type="Token" StartNode="37" EndNode="47">
<Feature>
  <Name className="java.lang.String">length</Name>
  <Value className="java.lang.String">10</Value>
</Feature>
<Feature>
  <Name className="java.lang.String">string</Name>
  <Value className="java.lang.String">Operations</Value>
</Feature>
</Annotation>
<Annotation Id="6" Type="Token" StartNode="48" EndNode="50">
<Feature>
  <Name className="java.lang.String">length</Name>
  <Value className="java.lang.String">2</Value>
</Feature>
<Feature>
  <Name className="java.lang.String">string</Name>
  <Value className="java.lang.String">to</Value>
</Feature>
</Annotation>
<Annotation Id="7" Type="Token" StartNode="51" EndNode="57">
<Feature>
  <Name className="java.lang.String">length</Name>
  <Value className="java.lang.String">6</Value>
</Feature>
<Feature>
  <Name className="java.lang.String">string</Name>
  <Value className="java.lang.String">Attack</Value>
</Feature>
</Annotation>
<Annotation Id="8" Type="Token" StartNode="58" EndNode="64">
<Feature>
  <Name className="java.lang.String">length</Name>
  <Value className="java.lang.String">6</Value>
</Feature>
<Feature>
  <Name className="java.lang.String">string</Name>
  <Value className="java.lang.String">Pirate</Value>
</Feature>
</Annotation>
<Annotation Id="9" Type="Token" StartNode="65" EndNode="70">
<Feature>
  <Name className="java.lang.String">length</Name>
  <Value className="java.lang.String">5</Value>
</Feature>
<Feature>
  <Name className="java.lang.String">string</Name>
  <Value className="java.lang.String">Bases</Value>
</Feature>
</Annotation>
<Annotation Id="10" Type="Token" StartNode="71" EndNode="79">
<Feature>
  <Name className="java.lang.String">length</Name>
  <Value className="java.lang.String">8</Value>
</Feature>
<Feature>
  <Name className="java.lang.String">string</Name>
  <Value className="java.lang.String">Directly</Value>
</Feature>
</Annotation>
<Annotation Id="11" Type="Token" StartNode="80" EndNode="81">
<Feature>
  <Name className="java.lang.String">length</Name>
  <Value className="java.lang.String">1</Value>
</Feature>
<Feature>
  <Name className="java.lang.String">string</Name>
  <Value className="java.lang.String">,</Value>
</Feature>
</Annotation>
<Annotation Id="12" Type="Token" StartNode="82" EndNode="89">
<Feature>
  <Name className="java.lang.String">length</Name>
  <Value className="java.lang.String">7</Value>
</Feature>
<Feature>
  <Name className="java.lang.String">string</Name>
  <Value className="java.lang.String">Pirates</Value>
</Feature>
</Annotation>
<Annotation Id="13" Type="Token" StartNode="90" EndNode="98">
<Feature>
  <Name className="java.lang.String">length</Name>
  <Value className="java.lang.String">8</Value>
</Feature>
<Feature>
  <Name className="java.lang.String">string</Name>
  <Value className="java.lang.String">Threaten</Value>
</Feature>
</Annotation>
<Annotation Id="14" Type="Token" StartNode="99" EndNode="111">
<Feature>
  <Name className="java.lang.String">length</Name>
  <Value className="java.lang.String">12</Value>
</Feature>
<Feature>
  <Name className="java.lang.String">string</Name>
  <Value className="java.lang.String">Hostageshttp</Value>
</Feature>
</Annotation>
<Annotation Id="15" Type="Token" StartNode="112" EndNode="113">
<Feature>
  <Name className="java.lang.String">length</Name>
  <Value className="java.lang.String">1</Value>
</Feature>
<Feature>
  <Name className="java.lang.String">string</Name>
  <Value className="java.lang.String">:</Value>
</Feature>
</Annotation>
<Annotation Id="16" Type="Token" StartNode="114" EndNode="129">
<Feature>
  <Name className="java.lang.String">length</Name>
  <Value className="java.lang.String">15</Value>
</Feature>
<Feature>
  <Name className="java.lang.String">string</Name>
  <Value className="java.lang.String">//t.co/3OOFvuqu</Value>
</Feature>
</Annotation>
<Annotation Id="23" Type="Organization" StartNode="0" EndNode="2">
</Annotation>
</AnnotationSet>

</GateDocument>
