	topic
Innovation	Innovation
Economic growth	Economy
Big data	Big data
Clusters	Clusters
Creative economy	Creative economy
Creative industries	Creative industries
Creative jobs	Creative jobs
Open data	Open data
Sharing economy	Economy
Collaborative economy	Economy
Broadband	Broadband
Industrial policy	Industrial policy
Welfare state	Welfare state
Benefits	Benefits
Entrepreneurship	Entrepreneurship
Entrepreneurs	Entrepreneurs
Data science	Data science
Data skills	Employment
Skills	Employment
Education	Education
Video games industry	Video games industry
Experimental state	Experimental state
Data protection	Data protection
Data driven innovation	Innovation
Europe	Europe
USA	USA
Scotland	Scotland
Devolution	Devolution
Localism	Localism
Local Enterprise Partnerships	Local Enterprise Partnerships
LEPs	LEPs
Digital economy	Digital economy
Technology	Technology
Tech	Technology
Universities	Universities
Students	Universities
Startups	Startups
Companies	Companies
Tax	Tax
Corporations	Corporations
Immigration	Immigration
EU Regulation	EU
Arts	Arts
Science 	Science 
Robots	Robots
Automation	Automation
pensions	pensions
Agriculture	Agriculture
Austerity	Austerity
Crime	Crime
Death penalty	Death penalty
Disability	Disability
Discrimination	Discrimination
Drones	Drones
Drug trade	Drug trade
Cost of living	Cost of living
Foreign investment	Foreign investment
Investment	Investment
Housing	Housing
House prices	Housing
Free Trade	Free Trade
Price control	Price control
Subsidies	Subsidies
Taxation	Taxation
Climate change	Climate change
Global warming	Climate change
Nuclear power	Nuclear power
Oil prices	Oil prices
Firearms	Firearms
Fuel prices	Fuel prices
Human trafficking	Human trafficking
Trafficking	Trafficking
Internet censorship	Internet censorship
Literacy	Literacy
Nuclear weapons	Nuclear weapons
Armed Forces	Armed Forces
Piracy	Piracy
Software piracy	Software piracy
Political unrest	Political unrest
Political turmoil	Political turmoil
Poverty	Poverty
Peacekeeping	Peacekeeping
Privatisation	Privatisation
Privatization	Privatization
Public transport	Public transport
Religion	Religion
Refugees	Refugees
Environment	Environment
Culture	Culture
Suicide	Suicide
Unemployment	Employment
Employment rates	Employment
Employment rate	Employment
Surveillance	Surveillance
EU	EU
European Union	EU
Landfill	Landfill
Tax	Taxation
Schools	Schools
