<?xml version='1.0' encoding='UTF-8'?>
<GateDocument version="3">
<!-- The document's features-->

<GateDocumentFeatures>
<Feature>
  <Name className="java.lang.String">gate.SourceURL</Name>
  <Value className="java.lang.String">https://twitter.com/Canberra_Raider/status/928908621055975424</Value>
</Feature>
<Feature>
  <Name className="java.lang.String">MimeType</Name>
  <Value className="java.lang.String">text/html</Value>
</Feature>
</GateDocumentFeatures>
<!-- The document content area with serialized nodes -->

<TextWithNodes><Node id="0"/>@Canberra_Rader<Node id="15"/> "<Node id="17"/>I'm at GIO Stadium! Got here just in time! #WCfijita https://t.co/N7N12wkl5K https://t.co/IMzL7giwIi<Node id="117"/>"
<Node id="119"/>
<Node id="120"/>12:54 am - 10 Nov 2017<Node id="142"/>
<Node id="143"/></TextWithNodes>
<!-- The default annotation set -->

<AnnotationSet>
</AnnotationSet>

<!-- Named annotation set -->

<AnnotationSet Name="Original markups">
<Annotation Id="0" Type="html" StartNode="15" EndNode="143">
<Feature>
  <Name className="java.lang.String">lang</Name>
  <Value className="java.lang.String">en-gb</Value>
</Feature>
<Feature>
  <Name className="java.lang.String">data-scribe-reduced-action-queue</Name>
  <Value className="java.lang.String">true</Value>
</Feature>
</Annotation>
<Annotation Id="3" Type="body" StartNode="0" EndNode="143">
</Annotation>
<Annotation Id="18" Type="title" StartNode="0" EndNode="119">
</Annotation>
<Annotation Id="944" Type="div" StartNode="119" EndNode="143">
<Feature>
  <Name className="java.lang.String">class</Name>
  <Value className="java.lang.String">PermalinkOverlay PermalinkOverlay-with-background load-at-boot</Value>
</Feature>
<Feature>
  <Name className="java.lang.String">id</Name>
  <Value className="java.lang.String">permalink-overlay</Value>
</Feature>
</Annotation>
<Annotation Id="950" Type="div" StartNode="119" EndNode="143">
<Feature>
  <Name className="java.lang.String">class</Name>
  <Value className="java.lang.String">PermalinkOverlay-modal</Value>
</Feature>
</Annotation>
<Annotation Id="953" Type="div" StartNode="119" EndNode="143">
<Feature>
  <Name className="java.lang.String">class</Name>
  <Value className="java.lang.String">PermalinkOverlay-content</Value>
</Feature>
</Annotation>
<Annotation Id="954" Type="div" StartNode="119" EndNode="143">
<Feature>
  <Name className="java.lang.String">class</Name>
  <Value className="java.lang.String">PermalinkOverlay-body</Value>
</Feature>
<Feature>
  <Name className="java.lang.String">data-background-path</Name>
  <Value className="java.lang.String">/Canberra_Raider</Value>
</Feature>
</Annotation>
<Annotation Id="955" Type="div" StartNode="119" EndNode="143">
<Feature>
  <Name className="java.lang.String">class</Name>
  <Value className="java.lang.String">permalink-container permalink-container--withArrows</Value>
</Feature>
</Annotation>
<Annotation Id="956" Type="div" StartNode="119" EndNode="143">
<Feature>
  <Name className="java.lang.String">class</Name>
  <Value className="java.lang.String">permalink light-inline-actions
  stream-uncapped
  
  original-permalink-page
  
  
  </Value>
</Feature>
<Feature>
  <Name className="java.lang.String">role</Name>
  <Value className="java.lang.String">main</Value>
</Feature>
</Annotation>
<Annotation Id="957" Type="div" StartNode="119" EndNode="143">
<Feature>
  <Name className="java.lang.String">class</Name>
  <Value className="java.lang.String">permalink-inner permalink-tweet-container</Value>
</Feature>
</Annotation>
<Annotation Id="958" Type="div" StartNode="119" EndNode="143">
<Feature>
  <Name className="java.lang.String">data-you-follow</Name>
  <Value className="java.lang.String">false</Value>
</Feature>
<Feature>
  <Name className="java.lang.String">data-conversation-id</Name>
  <Value className="java.lang.String">928908621055975424</Value>
</Feature>
<Feature>
  <Name className="java.lang.String">data-screen-name</Name>
  <Value className="java.lang.String">Canberra_Raider</Value>
</Feature>
<Feature>
  <Name className="java.lang.String">data-has-cards</Name>
  <Value className="java.lang.String">true</Value>
</Feature>
<Feature>
  <Name className="java.lang.String">data-tweet-nonce</Name>
  <Value className="java.lang.String">928908621055975424-f805f31d-ba01-47f6-bc41-17af9b2ca8f0</Value>
</Feature>
<Feature>
  <Name className="java.lang.String">tabindex</Name>
  <Value className="java.lang.String">0</Value>
</Feature>
<Feature>
  <Name className="java.lang.String">data-tweet-stat-initialized</Name>
  <Value className="java.lang.String">true</Value>
</Feature>
<Feature>
  <Name className="java.lang.String">data-item-id</Name>
  <Value className="java.lang.String">928908621055975424</Value>
</Feature>
<Feature>
  <Name className="java.lang.String">data-user-id</Name>
  <Value className="java.lang.String">772067805894017024</Value>
</Feature>
<Feature>
  <Name className="java.lang.String">data-permalink-path</Name>
  <Value className="java.lang.String">/Canberra_Raider/status/928908621055975424</Value>
</Feature>
<Feature>
  <Name className="java.lang.String">data-follows-you</Name>
  <Value className="java.lang.String">false</Value>
</Feature>
<Feature>
  <Name className="java.lang.String">data-you-block</Name>
  <Value className="java.lang.String">false</Value>
</Feature>
<Feature>
  <Name className="java.lang.String">data-reply-to-users-json</Name>
  <Value className="java.lang.String">[{"id_str":"772067805894017024","screen_name":"Canberra_Raider","name":"CanberraRaidersNews","emojified_name":{"text":"CanberraRaidersNews","emojified_text_as_html":"CanberraRaidersNews"}}]</Value>
</Feature>
<Feature>
  <Name className="java.lang.String">data-associated-tweet-id</Name>
  <Value className="java.lang.String">928908621055975424</Value>
</Feature>
<Feature>
  <Name className="java.lang.String">data-tweet-id</Name>
  <Value className="java.lang.String">928908621055975424</Value>
</Feature>
<Feature>
  <Name className="java.lang.String">class</Name>
  <Value className="java.lang.String">tweet permalink-tweet js-actionable-user js-actionable-tweet js-original-tweet
         has-cards  has-content

        
        
          no-replies
          js-initial-focus
</Value>
</Feature>
<Feature>
  <Name className="java.lang.String">data-name</Name>
  <Value className="java.lang.String">CanberraRaidersNews</Value>
</Feature>
<Feature>
  <Name className="java.lang.String">data-disclosure-type</Name>
  <Value className="java.lang.String"></Value>
</Feature>
</Annotation>
<Annotation Id="1026" Type="div" StartNode="119" EndNode="120">
<Feature>
  <Name className="java.lang.String">class</Name>
  <Value className="java.lang.String">js-tweet-text-container</Value>
</Feature>
</Annotation>
<Annotation Id="1040" Type="div" StartNode="120" EndNode="120">
<Feature>
  <Name className="java.lang.String">isEmptyAndSpan</Name>
  <Value className="java.lang.String">true</Value>
</Feature>
<Feature>
  <Name className="java.lang.String">class</Name>
  <Value className="java.lang.String">AdaptiveMediaOuterContainer</Value>
</Feature>
</Annotation>
<Annotation Id="1041" Type="div" StartNode="120" EndNode="120">
<Feature>
  <Name className="java.lang.String">isEmptyAndSpan</Name>
  <Value className="java.lang.String">true</Value>
</Feature>
<Feature>
  <Name className="java.lang.String">class</Name>
  <Value className="java.lang.String">AdaptiveMedia
        
        
        is-square
        
        
        
        </Value>
</Feature>
</Annotation>
<Annotation Id="1042" Type="div" StartNode="120" EndNode="120">
<Feature>
  <Name className="java.lang.String">isEmptyAndSpan</Name>
  <Value className="java.lang.String">true</Value>
</Feature>
<Feature>
  <Name className="java.lang.String">class</Name>
  <Value className="java.lang.String">AdaptiveMedia-container</Value>
</Feature>
</Annotation>
<Annotation Id="1043" Type="div" StartNode="120" EndNode="120">
<Feature>
  <Name className="java.lang.String">isEmptyAndSpan</Name>
  <Value className="java.lang.String">true</Value>
</Feature>
<Feature>
  <Name className="java.lang.String">class</Name>
  <Value className="java.lang.String">AdaptiveMedia-singlePhoto</Value>
</Feature>
<Feature>
  <Name className="java.lang.String">style</Name>
  <Value className="java.lang.String">padding-top: calc(0.6875 * 100% - 0.5px);</Value>
</Feature>
</Annotation>
<Annotation Id="1044" Type="div" StartNode="120" EndNode="120">
<Feature>
  <Name className="java.lang.String">data-dominant-color</Name>
  <Value className="java.lang.String">[64,54,40]</Value>
</Feature>
<Feature>
  <Name className="java.lang.String">style</Name>
  <Value className="java.lang.String">background-color:rgba(64,54,40,1.0);</Value>
</Feature>
<Feature>
  <Name className="java.lang.String">data-element-context</Name>
  <Value className="java.lang.String">platform_photo_card</Value>
</Feature>
<Feature>
  <Name className="java.lang.String">data-image-url</Name>
  <Value className="java.lang.String">https://pbs.twimg.com/media/DOQld7IW4AAl0bg.jpg</Value>
</Feature>
<Feature>
  <Name className="java.lang.String">isEmptyAndSpan</Name>
  <Value className="java.lang.String">true</Value>
</Feature>
<Feature>
  <Name className="java.lang.String">class</Name>
  <Value className="java.lang.String">AdaptiveMedia-photoContainer js-adaptive-photo </Value>
</Feature>
</Annotation>
<Annotation Id="1045" Type="img" StartNode="120" EndNode="120">
<Feature>
  <Name className="java.lang.String">alt</Name>
  <Value className="java.lang.String"></Value>
</Feature>
<Feature>
  <Name className="java.lang.String">style</Name>
  <Value className="java.lang.String">width: 100%; top: -0px;</Value>
</Feature>
<Feature>
  <Name className="java.lang.String">data-aria-label-part</Name>
  <Value className="java.lang.String"></Value>
</Feature>
<Feature>
  <Name className="java.lang.String">src</Name>
  <Value className="java.lang.String">https://pbs.twimg.com/media/DOQld7IW4AAl0bg.jpg</Value>
</Feature>
</Annotation>
<Annotation Id="1046" Type="div" StartNode="120" EndNode="143">
<Feature>
  <Name className="java.lang.String">class</Name>
  <Value className="java.lang.String">js-tweet-details-fixer tweet-details-fixer</Value>
</Feature>
</Annotation>
<Annotation Id="1047" Type="div" StartNode="120" EndNode="142">
<Feature>
  <Name className="java.lang.String">class</Name>
  <Value className="java.lang.String">client-and-actions</Value>
</Feature>
</Annotation>
<Annotation Id="1048" Type="span" StartNode="120" EndNode="142">
<Feature>
  <Name className="java.lang.String">class</Name>
  <Value className="java.lang.String">metadata</Value>
</Feature>
</Annotation>
<Annotation Id="1049" Type="span" StartNode="120" EndNode="142">
</Annotation>
<Annotation Id="1171" Type="text" StartNode="17" EndNode="117">
</Annotation>
</AnnotationSet>

</GateDocument>
