<?xml version='1.0' encoding='UTF-8'?>
<GateDocument version="3">
<!-- The document's features-->

<GateDocumentFeatures>
<Feature>
  <Name className="java.lang.String">gate.SourceURL</Name>
  <Value className="java.lang.String">https://twitter.com/Jota/status/932723697743515649</Value>
</Feature>
<Feature>
  <Name className="java.lang.String">MimeType</Name>
  <Value className="java.lang.String">text/html</Value>
</Feature>
</GateDocumentFeatures>
<!-- The document content area with serialized nodes -->

<TextWithNodes><Node id="0"/>Jota Melo de Miranda e Fagundes Antunes on Twitter:
@ Jota "<Node id="60"/>I'm at Cia. do Nado (Belo Horizonte, MG) w/ 1 other https://t.co/Ekpqfdrs7p<Node id="135"/>"<Node id="136"/>
<Node id="137"/>
<Node id="138"/></TextWithNodes>
<!-- The default annotation set -->

<AnnotationSet>
</AnnotationSet>

<!-- Named annotation set -->

<AnnotationSet Name="Original markups">
<Annotation Id="0" Type="html" StartNode="0" EndNode="138">
<Feature>
  <Name className="java.lang.String">lang</Name>
  <Value className="java.lang.String">en-gb</Value>
</Feature>
<Feature>
  <Name className="java.lang.String">data-scribe-reduced-action-queue</Name>
  <Value className="java.lang.String">true</Value>
</Feature>
</Annotation>
<Annotation Id="1" Type="head" StartNode="0" EndNode="0">
<Feature>
  <Name className="java.lang.String">isEmptyAndSpan</Name>
  <Value className="java.lang.String">true</Value>
</Feature>
</Annotation>
<Annotation Id="2" Type="meta" StartNode="0" EndNode="0">
<Feature>
  <Name className="java.lang.String">charset</Name>
  <Value className="java.lang.String">utf-8</Value>
</Feature>
</Annotation>
<Annotation Id="3" Type="body" StartNode="0" EndNode="138">
</Annotation>
<Annotation Id="4" Type="noscript" StartNode="0" EndNode="0">
<Feature>
  <Name className="java.lang.String">isEmptyAndSpan</Name>
  <Value className="java.lang.String">true</Value>
</Feature>
</Annotation>
<Annotation Id="5" Type="meta" StartNode="0" EndNode="0">
<Feature>
  <Name className="java.lang.String">http-equiv</Name>
  <Value className="java.lang.String">refresh</Value>
</Feature>
<Feature>
  <Name className="java.lang.String">content</Name>
  <Value className="java.lang.String">0; URL=https://mobile.twitter.com/i/nojs_router?path=%2FJota%2Fstatus%2F932723697743515649</Value>
</Feature>
</Annotation>
<Annotation Id="6" Type="script" StartNode="0" EndNode="0">
<Feature>
  <Name className="java.lang.String">isEmptyAndSpan</Name>
  <Value className="java.lang.String">true</Value>
</Feature>
<Feature>
  <Name className="java.lang.String">nonce</Name>
  <Value className="java.lang.String">jiQt48KBTMWEqCmuOsqs8A==</Value>
</Feature>
</Annotation>
<Annotation Id="7" Type="script" StartNode="0" EndNode="0">
<Feature>
  <Name className="java.lang.String">isEmptyAndSpan</Name>
  <Value className="java.lang.String">true</Value>
</Feature>
<Feature>
  <Name className="java.lang.String">nonce</Name>
  <Value className="java.lang.String">jiQt48KBTMWEqCmuOsqs8A==</Value>
</Feature>
<Feature>
  <Name className="java.lang.String">id</Name>
  <Value className="java.lang.String">bouncer_terminate_iframe</Value>
</Feature>
</Annotation>
<Annotation Id="8" Type="script" StartNode="0" EndNode="0">
<Feature>
  <Name className="java.lang.String">isEmptyAndSpan</Name>
  <Value className="java.lang.String">true</Value>
</Feature>
<Feature>
  <Name className="java.lang.String">nonce</Name>
  <Value className="java.lang.String">jiQt48KBTMWEqCmuOsqs8A==</Value>
</Feature>
<Feature>
  <Name className="java.lang.String">id</Name>
  <Value className="java.lang.String">swift_action_queue</Value>
</Feature>
</Annotation>
<Annotation Id="9" Type="script" StartNode="0" EndNode="0">
<Feature>
  <Name className="java.lang.String">isEmptyAndSpan</Name>
  <Value className="java.lang.String">true</Value>
</Feature>
<Feature>
  <Name className="java.lang.String">nonce</Name>
  <Value className="java.lang.String">jiQt48KBTMWEqCmuOsqs8A==</Value>
</Feature>
<Feature>
  <Name className="java.lang.String">id</Name>
  <Value className="java.lang.String">composition_state</Value>
</Feature>
</Annotation>
<Annotation Id="10" Type="link" StartNode="0" EndNode="0">
<Feature>
  <Name className="java.lang.String">rel</Name>
  <Value className="java.lang.String">stylesheet</Value>
</Feature>
<Feature>
  <Name className="java.lang.String">class</Name>
  <Value className="java.lang.String">coreCSSBundles</Value>
</Feature>
<Feature>
  <Name className="java.lang.String">href</Name>
  <Value className="java.lang.String">https://abs.twimg.com/a/1510894702/css/t1/twitter_core.bundle.css</Value>
</Feature>
</Annotation>
<Annotation Id="11" Type="link" StartNode="0" EndNode="0">
<Feature>
  <Name className="java.lang.String">rel</Name>
  <Value className="java.lang.String">stylesheet</Value>
</Feature>
<Feature>
  <Name className="java.lang.String">class</Name>
  <Value className="java.lang.String">moreCSSBundles</Value>
</Feature>
<Feature>
  <Name className="java.lang.String">href</Name>
  <Value className="java.lang.String">https://abs.twimg.com/a/1510894702/css/t1/twitter_more_1.bundle.css</Value>
</Feature>
</Annotation>
<Annotation Id="12" Type="link" StartNode="0" EndNode="0">
<Feature>
  <Name className="java.lang.String">rel</Name>
  <Value className="java.lang.String">stylesheet</Value>
</Feature>
<Feature>
  <Name className="java.lang.String">class</Name>
  <Value className="java.lang.String">moreCSSBundles</Value>
</Feature>
<Feature>
  <Name className="java.lang.String">href</Name>
  <Value className="java.lang.String">https://abs.twimg.com/a/1510894702/css/t1/twitter_more_2.bundle.css</Value>
</Feature>
</Annotation>
<Annotation Id="13" Type="link" StartNode="0" EndNode="0">
<Feature>
  <Name className="java.lang.String">rel</Name>
  <Value className="java.lang.String">dns-prefetch</Value>
</Feature>
<Feature>
  <Name className="java.lang.String">href</Name>
  <Value className="java.lang.String">https://pbs.twimg.com</Value>
</Feature>
</Annotation>
<Annotation Id="14" Type="link" StartNode="0" EndNode="0">
<Feature>
  <Name className="java.lang.String">rel</Name>
  <Value className="java.lang.String">dns-prefetch</Value>
</Feature>
<Feature>
  <Name className="java.lang.String">href</Name>
  <Value className="java.lang.String">https://t.co</Value>
</Feature>
</Annotation>
<Annotation Id="15" Type="link" StartNode="0" EndNode="0">
<Feature>
  <Name className="java.lang.String">rel</Name>
  <Value className="java.lang.String">preload</Value>
</Feature>
<Feature>
  <Name className="java.lang.String">as</Name>
  <Value className="java.lang.String">script</Value>
</Feature>
<Feature>
  <Name className="java.lang.String">href</Name>
  <Value className="java.lang.String">https://abs.twimg.com/k/en-gb/init.en-gb.5efaa124d72839a75cb1.js</Value>
</Feature>
</Annotation>
<Annotation Id="16" Type="link" StartNode="0" EndNode="0">
<Feature>
  <Name className="java.lang.String">rel</Name>
  <Value className="java.lang.String">preload</Value>
</Feature>
<Feature>
  <Name className="java.lang.String">as</Name>
  <Value className="java.lang.String">script</Value>
</Feature>
<Feature>
  <Name className="java.lang.String">href</Name>
  <Value className="java.lang.String">https://abs.twimg.com/k/en-gb/0.commons.en-gb.b24a19c723f2175823b8.js</Value>
</Feature>
</Annotation>
<Annotation Id="17" Type="link" StartNode="0" EndNode="0">
<Feature>
  <Name className="java.lang.String">rel</Name>
  <Value className="java.lang.String">preload</Value>
</Feature>
<Feature>
  <Name className="java.lang.String">as</Name>
  <Value className="java.lang.String">script</Value>
</Feature>
<Feature>
  <Name className="java.lang.String">href</Name>
  <Value className="java.lang.String">https://abs.twimg.com/k/en-gb/7.pages_permalink.en-gb.73f6f6f96de4214d4534.js</Value>
</Feature>
</Annotation>
<Annotation Id="18" Type="title" StartNode="0" EndNode="136">
</Annotation>
<Annotation Id="943" Type="div" StartNode="137" EndNode="138">
<Feature>
  <Name className="java.lang.String">class</Name>
  <Value className="java.lang.String">PermalinkOverlay PermalinkOverlay-with-background load-at-boot</Value>
</Feature>
<Feature>
  <Name className="java.lang.String">id</Name>
  <Value className="java.lang.String">permalink-overlay</Value>
</Feature>
</Annotation>
<Annotation Id="949" Type="div" StartNode="137" EndNode="138">
<Feature>
  <Name className="java.lang.String">class</Name>
  <Value className="java.lang.String">PermalinkOverlay-modal</Value>
</Feature>
</Annotation>
<Annotation Id="952" Type="div" StartNode="137" EndNode="138">
<Feature>
  <Name className="java.lang.String">class</Name>
  <Value className="java.lang.String">PermalinkOverlay-content</Value>
</Feature>
</Annotation>
<Annotation Id="953" Type="div" StartNode="137" EndNode="138">
<Feature>
  <Name className="java.lang.String">class</Name>
  <Value className="java.lang.String">PermalinkOverlay-body</Value>
</Feature>
<Feature>
  <Name className="java.lang.String">data-background-path</Name>
  <Value className="java.lang.String">/Jota</Value>
</Feature>
</Annotation>
<Annotation Id="954" Type="div" StartNode="137" EndNode="138">
<Feature>
  <Name className="java.lang.String">class</Name>
  <Value className="java.lang.String">permalink-container permalink-container--withArrows</Value>
</Feature>
</Annotation>
<Annotation Id="1129" Type="div" StartNode="137" EndNode="138">
<Feature>
  <Name className="java.lang.String">class</Name>
  <Value className="java.lang.String">permalink-footer</Value>
</Feature>
</Annotation>
<Annotation Id="1130" Type="div" StartNode="137" EndNode="138">
<Feature>
  <Name className="java.lang.String">class</Name>
  <Value className="java.lang.String">Footer module roaming-module Footer--slim</Value>
</Feature>
</Annotation>
<Annotation Id="1131" Type="div" StartNode="137" EndNode="138">
<Feature>
  <Name className="java.lang.String">class</Name>
  <Value className="java.lang.String">flex-module</Value>
</Feature>
</Annotation>
<Annotation Id="1132" Type="div" StartNode="137" EndNode="138">
<Feature>
  <Name className="java.lang.String">class</Name>
  <Value className="java.lang.String">flex-module-inner js-items-container</Value>
</Feature>
</Annotation>
<Annotation Id="1133" Type="ul" StartNode="137" EndNode="138">
<Feature>
  <Name className="java.lang.String">class</Name>
  <Value className="java.lang.String">u-cf</Value>
</Feature>
</Annotation>
<Annotation Id="1147" Type="div" StartNode="138" EndNode="138">
<Feature>
  <Name className="java.lang.String">isEmptyAndSpan</Name>
  <Value className="java.lang.String">true</Value>
</Feature>
<Feature>
  <Name className="java.lang.String">class</Name>
  <Value className="java.lang.String">hidden</Value>
</Feature>
<Feature>
  <Name className="java.lang.String">id</Name>
  <Value className="java.lang.String">hidden-content</Value>
</Feature>
</Annotation>
<Annotation Id="1148" Type="iframe" StartNode="138" EndNode="138">
<Feature>
  <Name className="java.lang.String">aria-hidden</Name>
  <Value className="java.lang.String">true</Value>
</Feature>
<Feature>
  <Name className="java.lang.String">name</Name>
  <Value className="java.lang.String">tweet-post-iframe</Value>
</Feature>
<Feature>
  <Name className="java.lang.String">isEmptyAndSpan</Name>
  <Value className="java.lang.String">true</Value>
</Feature>
<Feature>
  <Name className="java.lang.String">class</Name>
  <Value className="java.lang.String">tweet-post-iframe</Value>
</Feature>
</Annotation>
<Annotation Id="1149" Type="iframe" StartNode="138" EndNode="138">
<Feature>
  <Name className="java.lang.String">aria-hidden</Name>
  <Value className="java.lang.String">true</Value>
</Feature>
<Feature>
  <Name className="java.lang.String">name</Name>
  <Value className="java.lang.String">dm-post-iframe</Value>
</Feature>
<Feature>
  <Name className="java.lang.String">isEmptyAndSpan</Name>
  <Value className="java.lang.String">true</Value>
</Feature>
<Feature>
  <Name className="java.lang.String">class</Name>
  <Value className="java.lang.String">dm-post-iframe</Value>
</Feature>
</Annotation>
<Annotation Id="1150" Type="input" StartNode="138" EndNode="138">
<Feature>
  <Name className="java.lang.String">id</Name>
  <Value className="java.lang.String">init-data</Value>
</Feature>
<Feature>
  <Name className="java.lang.String">type</Name>
  <Value className="java.lang.String">hidden</Value>
</Feature>
<Feature>
  <Name className="java.lang.String">class</Name>
  <Value className="java.lang.String">json-data</Value>
</Feature>
<Feature>
  <Name className="java.lang.String">value</Name>
  <Value className="java.lang.String">{"keyboardShortcuts":[{"name":"Actions","description":"Shortcuts for common actions.","shortcuts":[{"keys":["Enter"],"description":"Open Tweet details"},{"keys":["o"],"description":"Expand photo"},{"keys":["\/"],"description":"Search"}]},{"name":"Navigation","description":"Shortcuts for navigating between items in timelines.","shortcuts":[{"keys":["?"],"description":"This menu"},{"keys":["j"],"description":"Next Tweet"},{"keys":["k"],"description":"Previous Tweet"},{"keys":["Space"],"description":"Page down"},{"keys":["."],"description":"Load new Tweets"}]},{"name":"Timelines","description":"Shortcuts for navigating to different timelines or pages.","shortcuts":[{"keys":["g","u"],"description":"Go to user\u2026"}]}],"baseFoucClass":"swift-loading","bodyFoucClassNames":"swift-loading","assetsBasePath":"https:\/\/abs.twimg.com\/a\/1510894702\/","assetVersionKey":"167084","emojiAssetsPath":"https:\/\/abs.twimg.com\/emoji\/v2\/72x72\/","environment":"production","formAuthenticityToken":"6b3a0672ae86438e70d48559fcfd4c6b0d5a66d1","loggedIn":false,"screenName":null,"fullName":null,"userId":null,"guestId":"151121446158954130","createdAt":null,"needsPhoneVerification":false,"allowAdsPersonalization":true,"scribeBufferSize":3,"pageName":"permalink","sectionName":"permalink","scribeParameters":{},"recaptchaApiUrl":"https:\/\/www.google.com\/recaptcha\/api\/js\/recaptcha_ajax.js","internalReferer":null,"geoEnabled":false,"typeaheadData":{"accounts":{"enabled":true,"localQueriesEnabled":false,"remoteQueriesEnabled":true,"limit":6},"trendLocations":{"enabled":true},"dmConversations":{"enabled":false},"followedSearches":{"enabled":false},"savedSearches":{"enabled":false,"items":[]},"dmAccounts":{"enabled":false,"localQueriesEnabled":false,"remoteQueriesEnabled":false,"onlyDMable":true},"mediaTagAccounts":{"enabled":false,"localQueriesEnabled":false,"remoteQueriesEnabled":false,"onlyShowUsersWithCanMediaTag":false,"currentUserId":-1},"selectedUsers":{"enabled":false},"prefillUsers":{"enabled":false},"topics":{"enabled":true,"localQueriesEnabled":false,"remoteQueriesEnabled":true,"prefetchLimit":500,"limit":4},"concierge":{"enabled":false,"localQueriesEnabled":false,"remoteQueriesEnabled":false,"prefetchLimit":500,"limit":6},"recentSearches":{"enabled":false},"hashtags":{"enabled":false,"localQueriesEnabled":false,"remoteQueriesEnabled":true,"prefetchLimit":500},"useIndexedDB":false,"showSearchAccountSocialContext":false,"showDebugInfo":false,"useThrottle":true,"accountsOnTop":false,"remoteDebounceInterval":300,"remoteThrottleInterval":300,"tweetContextEnabled":false,"fullNameMatchingInCompose":true,"topicsWithFiltersEnabled":false},"dm":{"notifications":false,"usePushForNotifications":false,"participant_max":50,"welcome_message_add_to_conversation_enabled":true,"poll_options":{"foreground_poll_interval":3000,"burst_poll_interval":3000,"burst_poll_duration":300000,"max_poll_interval":60000},"card_prefetch":true,"card_prefetch_interval_in_seconds":2000,"dm_quick_reply_options_panel_dismiss_in_ms":2000,"open_dm_enabled":false},"autoplayDisabled":false,"pushStatePageLimit":500000,"routes":{"profile":"\/"},"pushState":true,"viewContainer":"#page-container","href":"\/Jota\/status\/932723697743515649","searchPathWithQuery":"\/search?q=query&amp;src=typd","composeAltText":false,"night_mode_activated":false,"user_color":null,"deciders":{"custom_timeline_curation":false,"native_notifications":true,"disable_ajax_datatype_default_to_text":false,"dm_polling_frequency_in_seconds":3000,"dm_granular_mute_controls":true,"enable_media_tag_prefetch":true,"enableMacawNymizerConversionLanding":false,"hqImageUploads":false,"live_pipeline_consume":true,"mqImageUploads":false,"partnerIdSyncEnabled":true,"sruMediaCategory":true,"photoSruGifLimitMb":15,"promoted_logging_force_post":true,"promoted_video_logging_enabled":true,"pushState":true,"emojiNewCategory":false,"contentEditablePlainTextOnly":false,"web_client_api_stats":true,"web_perftown_stats":true,"web_perftown_ttft":false,"web_client_events_ttft":false,"log_push_state_ttft_metrics":false,"web_sru_stats":false,"web_upload_video":true,"web_upload_video_advanced":false,"upload_video_size":500,"useVmapVariants":false,"autoplayPreviewPreroll":true,"moments_home_module":false,"moments_lohp_enabled":true,"enableNativePush":false,"autoSubscribeNativePush":false,"allowWebPushVapidUpgrade":true,"stickersInteractivity":true,"stickersInteractivityDuringLoading":true,"stickersExperience":true,"dynamic_video_ads_include_long_videos":true,"push_state_size":1000,"live_video_media_control_enabled":false,"cards2_enable_periscope_card_transition":false,"live_broadcast_player_clickthrough_enabled":true,"use_api_for_retweet_and_unretweet":false,"use_api_for_follow_and_unfollow":true,"edge_probe_enabled":false,"like_over_http_client":true,"enable_inline_location":false,"enable_tweetstorm_creation":false,"enable_tweetstorm_drafts":false,"enable_tweetstorm_tooltip":false,"text_length_for_tweetstorm_tooltip":50,"cramming_ui_enabled":true,"cramming_feature_enabled":true,"dm_report_webview_macaw_swift_enabled":true,"page_title_unread_notification_count":false,"page_title_badge_after_unread_tweets":20},"experiments":{},"toasts_dm":false,"toasts_timeline":false,"toasts_dm_poll_scale":60,"defaultNotificationIcon":"https:\/\/abs.twimg.com\/a\/1510894702\/img\/t1\/mobile\/wp7_app_icon.png","promptbirdData":{"promptbirdEnabled":false,"immediateTriggers":["PullToRefresh","Navigate"],"format":null},"passwordResetAdvancedLoginForm":true,"skipAutoSignupDialog":true,"shouldReplaceSignupWithLogin":false,"hashflagBaseUrl":"https:\/\/abs.twimg.com\/hashflags\/","activeHashflags":{"argosfootball":"CFL2017_TorontoArgos\/CFL2017_TorontoArgos.png","theorvillefox":"OrvilleEmoji\/OrvilleEmoji.png","taopen2017":"TurkishAirlinesOpen2017_v2\/TurkishAirlinesOpen2017_v2.png","growtogether":"GrowTogether_v4\/GrowTogether_v4.png","voicetop8":"TheVoiceUS_2017\/TheVoiceUS_2017.png","çağlayasor":"TEBTennis_emoji\/TEBTennis_emoji.png","ヴァルキリー":"ThorRagnarok_Valkyrie\/ThorRagnarok_Valkyrie.png","skol":"NFL_2017_MINVikings_v2\/NFL_2017_MINVikings_v2.png","chargers":"NFL_2017_LAChargers_v2\/NFL_2017_LAChargers_v2.png","méxiconopara":"MexicoEarthquakeRelief\/MexicoEarthquakeRelief.png","sens":"NHL_2017_2018_Senators\/NHL_2017_2018_Senators.png","roundupanddonate":"LyftBrandCampaign_v3\/LyftBrandCampaign_v3.png","lyft":"LyftBrandCampaign\/LyftBrandCampaign.png","samsungaddwash":"Spain_Samsung_Addwash_Emoji_v2\/Spain_Samsung_Addwash_Emoji_v2.png","mybrightside":"MTN_BrightSide_Emoji\/MTN_BrightSide_Emoji.png","latingrammys2017":"LatinGrammys_2017\/LatinGrammys_2017.png","tiemposdeguerra13":"TiemposdeGuerra\/TiemposdeGuerra.png","infojobs":"InfojobsEmoji_v2\/InfojobsEmoji_v2.png","scandal":"TGIT_Scandal_2017\/TGIT_Scandal_2017.png","readyforuniversal":"ReadyForUniversal\/ReadyForUniversal.png","loseonicplague":"DraftKingsFFB_AftKings_v3\/DraftKingsFFB_AftKings_v3.png","waltdisneyworld":"WaltDisneyWorld_emoji_v2\/WaltDisneyWorld_emoji_v2.png","whitneyxchristina":"AMA_2017_WHITNEYxCHRISTINA\/AMA_2017_WHITNEYxCHRISTINA.png","heretheycome":"NBA_2017_18_PHI\/NBA_2017_18_PHI.png","tebtennisstars":"TEBTennis_emoji\/TEBTennis_emoji.png","teamgetchapopcornready":"DWTS_S25_v2\/DWTS_S25_v2.png","twitter4me":"Twitter4Me_Emoji\/Twitter4Me_Emoji.png","cocopixar":"Coco_Emoji\/Coco_Emoji.png","voicesave":"TheVoiceUS_2017\/TheVoiceUS_2017.png","fantasydoctor":"DraftKingsFFB_AftKings_v3\/DraftKingsFFB_AftKings_v3.png","teamblake":"TheVoiceUS_2017\/TheVoiceUS_2017.png","قابوس":"Bank_of_Muscat_Emoji\/Bank_of_Muscat_Emoji.png","tnfonprimevideo":"AMZ_NFL_TNF_v2\/AMZ_NFL_TNF_v2.png","voiceresults":"TheVoiceUS_2017\/TheVoiceUS_2017.png","저스티스리그":"JusticeLeague_JL\/JusticeLeague_JL.png","httr":"NFL_2017_WASHRedskins_v4\/NFL_2017_WASHRedskins_v4.png","jugheadjones":"RiverdaleS2\/RiverdaleS2.png","teamlucious":"EmpireFall17_v2\/EmpireFall17_v2.png","giantspride":"NFL_2017_NYGiants_v4\/NFL_2017_NYGiants_v4.png","whatloversdo":"Maroon5NewAlbum17\/Maroon5NewAlbum17.png","yanohayexcusas":"Spain_Samsung_Addwash_Emoji_v2\/Spain_Samsung_Addwash_Emoji_v2.png","itaipavapremium":"ItaipavaPremium\/ItaipavaPremium.png","tgitlife":"TGIT_Popcorn\/TGIT_Popcorn.png","xfactor2017":"XFactorAug2017\/XFactorAug2017.png","dwts":"DWTS_S25_v2\/DWTS_S25_v2.png","성화봉송":"OlympicFlameEmoji\/OlympicFlameEmoji.png","nascarplayoffs":"NASCAR_2017_NASCAR_v2\/NASCAR_2017_NASCAR_v2.png","배트맨":"JusticeLeague_Batman\/JusticeLeague_Batman.png","championship4":"NASCAR_2017_NASCAR_v2\/NASCAR_2017_NASCAR_v2.png","onepride":"NFL_2017_DETLions_v2\/NFL_2017_DETLions_v2.png","badmoments":"BadMomsChristmas_emoji_v2\/BadMomsChristmas_emoji_v2.png","ellen15":"Ellen_12Days_Holiday_Emoji\/Ellen_12Days_Holiday_Emoji.png","sawmovie":"JigsawEmoji\/JigsawEmoji.png","cwapp":"RiverdaleS2\/RiverdaleS2.png","gobolts":"NHL_2017_2018_Lightning\/NHL_2017_2018_Lightning.png","オリンピック聖火リレー":"OlympicFlameEmoji\/OlympicFlameEmoji.png","goodbehaviortnt":"GoodBehaviorS2\/GoodBehaviorS2.png","cuervosunidos":"ClubdeCuervos\/ClubdeCuervos.png","motox4launch":"Motorola_X4_launch_Emoji_v2\/Motorola_X4_launch_Emoji_v2.png","goldstandart":"TurkishAirlinesOpen2017_v2\/TurkishAirlinesOpen2017_v2.png","fillyourcartwithcolour":"eBay_Q4_Emoji\/eBay_Q4_Emoji.png","tiemposdeguerra5":"TiemposdeGuerra\/TiemposdeGuerra.png","iemshanghai":"IEM_2017_Emoji\/IEM_2017_Emoji.png","periscope":"Periscope\/Periscope.png","dancingwiththestars":"DWTS_S25_v2\/DWTS_S25_v2.png","jayajayi":"NFLinUK_Jay_v5\/NFLinUK_Jay_v5.png","tiemposdeguerra10":"TiemposdeGuerra\/TiemposdeGuerra.png","عيدنا_قابوس":"Bank_of_Muscat_Emoji\/Bank_of_Muscat_Emoji.png","empirepremiere":"EmpireFoxCookie\/EmpireFoxCookie.png","gokingsgo":"NHL_2017_2018_LAKings\/NHL_2017_2018_LAKings.png","canucks":"NHL_2017_2018_Canucks\/NHL_2017_2018_Canucks.png","cokestudioph":"CokeStudioPH\/CokeStudioPH.png","gopackgo":"NFL_2017_GBYPackers_v2\/NFL_2017_GBYPackers_v2.png","thexfactor":"XFactorAug2017\/XFactorAug2017.png","cc17":"Corona_Capital_17_Emoji\/Corona_Capital_17_Emoji.png","thanksgivingdayparade":"Macys_Thanksgiving_Day_Parade_Emoji_v2\/Macys_Thanksgiving_Day_Parade_Emoji_v2.png","experimentojun":"Spain_Samsung_Addwash_Emoji_v2\/Spain_Samsung_Addwash_Emoji_v2.png","esloneny":"ESL_Live_Emojiv2\/ESL_Live_Emojiv2.png","frozenunaaventuradeolaf":"Olaf_Emoji\/Olaf_Emoji.png","teeofftotakeoff":"TurkishAirlinesOpen2017_v2\/TurkishAirlinesOpen2017_v2.png","adamlevine":"Maroon5NewAlbum17\/Maroon5NewAlbum17.png","teamfishuponastar":"DWTS_S25_v2\/DWTS_S25_v2.png","супермен":"JusticeLeague_Superman\/JusticeLeague_Superman.png","jets":"NFL_2017_NYJets_v2\/NFL_2017_NYJets_v2.png","haydicagla":"TEBTennis_emoji\/TEBTennis_emoji.png","pawlidayz":"Zappos_Pawlidayz_Campaign_Emoji\/Zappos_Pawlidayz_Campaign_Emoji.png","rlwc2017":"RugbyLeagueWC_2017_emoji_v2\/RugbyLeagueWC_2017_emoji_v2.png","theflash":"JusticeLeague_flash\/JusticeLeague_flash.png","lovetwitter":"LoveTwitter\/LoveTwitter.png","eslny":"ESL_Live_Emojiv2\/ESL_Live_Emojiv2.png","detroitbasketball":"NBA_2017_18_DET\/NBA_2017_18_DET.png","jaytrain":"NFLinUK_Jay_v5\/NFLinUK_Jay_v5.png","teamsonberst":"DWTS_S25_v2\/DWTS_S25_v2.png","lovebts10m":"BTS10mil\/BTS10mil.png","everyonecancode":"AppleEdu_EveryoneCanCode\/AppleEdu_EveryoneCanCode.png","carriage":"TryCarriage_Emoji_v2\/TryCarriage_Emoji_v2.png","valquiria":"ThorRagnarok_Valkyrie\/ThorRagnarok_Valkyrie.png","флэш":"JusticeLeague_flash\/JusticeLeague_flash.png","redpillblues":"Maroon5NewAlbum17\/Maroon5NewAlbum17.png","bbcslfn":"SLFN_2017\/SLFN_2017.png","respectwood":"CurbYourEnthusiasm_2017\/CurbYourEnthusiasm_2017.png","cbj":"NHL_2017_2018_BlueJackets\/NHL_2017_2018_BlueJackets.png","fansoflove":"LoveHasNoLabels2017\/LoveHasNoLabels2017.png","imacelebrity":"ImACeleb2017GetMeOutofHere\/ImACeleb2017GetMeOutofHere.png","aslanuçuyor":"TurkishAirlinesEmoji2017\/TurkishAirlinesEmoji2017.png","tiemposdeguerra9":"TiemposdeGuerra\/TiemposdeGuerra.png","マイティソー":"ThorRagnarok_Thor\/ThorRagnarok_Thor.png","espejopublico":"EspejoPublico_2017_2018\/EspejoPublico_2017_2018.png","reputation":"Taylor_Swift_Emoji_Reputation\/Taylor_Swift_Emoji_Reputation.png","60díasconméxico":"MexicoEarthquakeRelief\/MexicoEarthquakeRelief.png","kevinkeller":"RiverdaleS2\/RiverdaleS2.png","ariasedsheeran":"ARIAS_Round2_Sheeran\/ARIAS_Round2_Sheeran.png","biggboss":"BigBoss11_India\/BigBoss11_India.png","xfbootcamp":"XFactorAug2017\/XFactorAug2017.png","nba":"NBA_2017_18_NBA\/NBA_2017_18_NBA.png","somosbox":"SomosBoxHeinekenTecate_v3\/SomosBoxHeinekenTecate_v3.png","valquíria":"ThorRagnarok_Valkyrie\/ThorRagnarok_Valkyrie.png","bigwinnings":"DraftKingsFFB_Franklin_v3\/DraftKingsFFB_Franklin_v3.png","hellodiwali":"MotorolaDiwali\/MotorolaDiwali.png","teammomandpops":"DWTS_S25_v2\/DWTS_S25_v2.png","평화올림픽":"Peace_Olympics_EMOJI_v3\/Peace_Olympics_EMOJI_v3.png","canadiandream":"Chevrolet_Canada_Environmental_Sustainability_Emoji_v2\/Chevrolet_Canada_Environmental_Sustainability_Emoji_v2.png","leavventurediolaf":"Olaf_Emoji\/Olaf_Emoji.png","coco":"Coco_Emoji\/Coco_Emoji.png","ghosted":"GhostedFox\/GhostedFox.png","empirewednesday":"EmpireFall17_v2\/EmpireFall17_v2.png","yavruejderha":"Doritos_Flight2_2017\/Doritos_Flight2_2017.png","alicecoopercw":"RiverdaleS2\/RiverdaleS2.png","thorragnarok":"ThorRagnarok_Thor\/ThorRagnarok_Thor.png","dancingongma":"DWTS_S25_v2\/DWTS_S25_v2.png","justiceleague":"JusticeLeague_JL\/JusticeLeague_JL.png","heathrowbears":"Heathrow_Bears_emoji_v2\/Heathrow_Bears_emoji_v2.png","халк":"ThorRagnarok_Hulk_v2\/ThorRagnarok_Hulk_v2.png","goavsgo":"NHL_2017_2018_COAvalanche\/NHL_2017_2018_COAvalanche.png","wannasprite":"Sprite_Cranberry_Emoji_v2\/Sprite_Cranberry_Emoji_v2.png","thegifted":"TheGiftedFox_\/TheGiftedFox_.png","claroquepodemos":"ClaroPeruWorldCup\/ClaroPeruWorldCup.png","letsgoflyers":"NHL_2017_2018_PhillyFlyers\/NHL_2017_2018_PhillyFlyers.png","jaguars":"NFL_2017_JAXJaguars_v2\/NFL_2017_JAXJaguars_v2.png","amtodmbfn":"BuzzFeedMorning_v2\/BuzzFeedMorning_v2.png","teammindshare":"Mindshare20\/Mindshare20.png","voiceplayoffs":"TheVoiceUS_2017\/TheVoiceUS_2017.png","フラッシュ":"JusticeLeague_flash\/JusticeLeague_flash.png","riverdalestrong":"RiverdaleS2\/RiverdaleS2.png","visitpandora":"VisitPandoraRound2\/VisitPandoraRound2.png","슈퍼맨":"JusticeLeague_Superman\/JusticeLeague_Superman.png","thevoiceknockouts":"TheVoiceUS_2017\/TheVoiceUS_2017.png","cyborg":"JusticeLeague_cyborg\/JusticeLeague_cyborg.png","sharingmusic":"Emoji_X_Factor_Itesta\/Emoji_X_Factor_Itesta.png","goodbehavior":"GoodBehaviorS2\/GoodBehaviorS2.png","chileelige":"ChileanPresidentialElection_2017\/ChileanPresidentialElection_2017.png","destiny2":"destiny2\/destiny2.png","tommynow":"TommyNow_Stars\/TommyNow_Stars.png","bengals50":"NFL_2017_CINBengals\/NFL_2017_CINBengals.png","cofred":"NHL_2017_2018_Flames\/NHL_2017_2018_Flames.png","nasılalevliyim":"Doritos_Flight2_2017\/Doritos_Flight2_2017.png","ittakeseverything":"NBA_2017_18_LAC\/NBA_2017_18_LAC.png","2the4ront":"NASCAR_2017_Elliott\/NASCAR_2017_Elliott.png","バスタイムトーク":"Unilever_BathTimeTalk_flight2\/Unilever_BathTimeTalk_flight2.png","weekendkavaar":"BigBoss11_India\/BigBoss11_India.png","rirepouruntoit":"FR_Fondation_Abbe_Pierre_EMOJI\/FR_Fondation_Abbe_Pierre_EMOJI.png","voicebattles":"TheVoiceUS_2017\/TheVoiceUS_2017.png","orangejacketchallenge":"KingsmanSwap\/KingsmanSwap.png","amtodm":"BuzzFeedMorning_v2\/BuzzFeedMorning_v2.png","olafsfrozenadventure":"Olaf_Emoji\/Olaf_Emoji.png","pinkxamas":"AMA_2017_Pink\/AMA_2017_Pink.png","americanmusicawards":"AMA_2017_AMA_Award\/AMA_2017_AMA_Award.png","ariasrollingstones":"ARIAS2017_RollingStones\/ARIAS2017_RollingStones.png","scandalfinale":"TGIT_Scandal_2017\/TGIT_Scandal_2017.png","tiemposdeguerra2":"TiemposdeGuerra\/TiemposdeGuerra.png","توصل_بالسلامة":"ChevyEquinoxLaunchEmoji_v2\/ChevyEquinoxLaunchEmoji_v2.png","reputationoutnow":"Taylor_Swift_Emoji_Reputation\/Taylor_Swift_Emoji_Reputation.png","torchrelay":"OlympicFlameEmoji\/OlympicFlameEmoji.png","gohabsgo":"NHL_2017_2018_Canadiens\/NHL_2017_2018_Canadiens.png","happyhellurween":"MadeaBoo2\/MadeaBoo2.png","fearthedeer":"NBA_2017_18_MIL\/NBA_2017_18_MIL.png","am2dmbf":"BuzzFeedMorning_v2\/BuzzFeedMorning_v2.png","cluesareeverywhere":"Murder_Orient_Express_Emoji_Magnifying_Glass\/Murder_Orient_Express_Emoji_Magnifying_Glass.png","reputationstadiumtour":"Taylor_Swift_Emoji_Reputation\/Taylor_Swift_Emoji_Reputation.png","blackfemalelatenighthost":"BET_Rundown_Emoji\/BET_Rundown_Emoji.png","planilimitado":"Emoji_Dimitree_Entel\/Emoji_Dimitree_Entel.png","dhden17":"Dreamhack_Emoji_Final\/Dreamhack_Emoji_Final.png","truexjr":"NASCAR_2017_TruexJr\/NASCAR_2017_TruexJr.png","hermionelodge":"RiverdaleS2\/RiverdaleS2.png","tebtennisstarsseries":"TEBTennis_emoji\/TEBTennis_emoji.png","billiondollarlineup":"DraftKingsFFB_Franklin_v3\/DraftKingsFFB_Franklin_v3.png","eslonenewyork":"ESL_Live_Emojiv2\/ESL_Live_Emojiv2.png","бэтмен":"JusticeLeague_Batman\/JusticeLeague_Batman.png","subwaydonsendirect":"SubwayCanada_LiveFeed\/SubwayCanada_LiveFeed.png","ariasmetallica":"ARIAS2017_Metallica\/ARIAS2017_Metallica.png","bet":"BET_Rundown_Emoji\/BET_Rundown_Emoji.png","stopspeaksupport":"StopSpeakSupport_Emoji\/StopSpeakSupport_Emoji.png","themickfox":"TheMickPremiere_2017_v2\/TheMickPremiere_2017_v2.png","amaximavelocidad":"TelCelMaximaVelocidad_v3\/TelCelMaximaVelocidad_v3.png","repstadiumtour":"Taylor_Swift_Emoji_Reputation\/Taylor_Swift_Emoji_Reputation.png","haydiçağla":"TEBTennis_emoji\/TEBTennis_emoji.png","homescapes":"Homescapes\/Homescapes.png","insearchof":"Search_Party_S2_Emoji\/Search_Party_S2_Emoji.png","사이보그":"JusticeLeague_cyborg\/JusticeLeague_cyborg.png","gpmx":"TelCelMaximaVelocidad_v3\/TelCelMaximaVelocidad_v3.png","kraftbearhugs":"KraftPeanutButterBears\/KraftPeanutButterBears.png","badmomsnightout":"BadMomsChristmas_emoji_v2\/BadMomsChristmas_emoji_v2.png","titanup":"NFL_2017_TENTitans\/NFL_2017_TENTitans.png","eslonenyc2017":"ESL_Live_Emojiv2\/ESL_Live_Emojiv2.png","addwash":"Spain_Samsung_Addwash_Emoji_v2\/Spain_Samsung_Addwash_Emoji_v2.png","selenaxamas":"AMA_2017_Selena\/AMA_2017_Selena.png","boowitches":"MadeaBoo2\/MadeaBoo2.png","jigsawsaves":"JigsawEmoji\/JigsawEmoji.png","orville":"OrvilleEmoji\/OrvilleEmoji.png","disneyland":"WaltDisneyWorld_emoji_v2\/WaltDisneyWorld_emoji_v2.png","starpremiere":"STAR_SEASON2_Emoji\/STAR_SEASON2_Emoji.png","letty":"GoodBehaviorS2\/GoodBehaviorS2.png","fpjones":"RiverdaleS2\/RiverdaleS2.png","knicks":"NBA_2017_18_NYK\/NBA_2017_18_NYK.png","kohlscash":"KohlsCash\/KohlsCash.png","alloutwar":"TWD100\/TWD100.png","lecanadasesouvient":"RemembranceDayCananda_2017\/RemembranceDayCananda_2017.png","patriotsenméxico":"NFL_MEXICO_Emoji\/NFL_MEXICO_Emoji.png","boo2amadeahalloween":"MadeaBoo2\/MadeaBoo2.png","thisisallofus":"ThisIsUs_S2_2017_v4\/ThisIsUs_S2_2017_v4.png","6chairchallenge":"XFactorAug2017\/XFactorAug2017.png","tiemposdeguerra":"TiemposdeGuerra\/TiemposdeGuerra.png","thanksgivingparade":"Macys_Thanksgiving_Day_Parade_Emoji_v2\/Macys_Thanksgiving_Day_Parade_Emoji_v2.png","ソー":"ThorRagnarok_Thor\/ThorRagnarok_Thor.png","riverdalecw":"RiverdaleS2\/RiverdaleS2.png","doitbig":"NBA_2017_18_NOP\/NBA_2017_18_NOP.png","blaney":"NASCAR_2017_Blaney\/NASCAR_2017_Blaney.png","jigsawsavedme":"JigsawEmoji\/JigsawEmoji.png","twdnegan":"TWD100\/TWD100.png","كاريدج":"TryCarriage_Emoji_v2\/TryCarriage_Emoji_v2.png","teampausini":"LaVozMX_2017\/LaVozMX_2017.png","twdfamily":"TWD100\/TWD100.png","lovesosoft":"KellyClarksonMOL\/KellyClarksonMOL.png","empirefox":"EmpireFall17_v2\/EmpireFall17_v2.png","شي_إن_متحفظة":"SheIn_MiddleEast\/SheIn_MiddleEast.png","capitaljbb":"Capital_FMs_Jingle_Bell_Ball_2017_Emoji\/Capital_FMs_Jingle_Bell_Ball_2017_Emoji.png","sixchairchallenge":"XFactorAug2017\/XFactorAug2017.png","thewalkingdead":"TWD100\/TWD100.png","doritosgarage":"DoritosGarage\/DoritosGarage.png","golive":"GoLive_Emoji\/GoLive_Emoji.png","buzzcity":"NBA_2017_18_CHA\/NBA_2017_18_CHA.png","ジャスティスリーグ":"JusticeLeague_JL\/JusticeLeague_JL.png","rianjohnson":"RianJohnson_emoji\/RianJohnson_emoji.png","clubdecuervos":"ClubdeCuervos\/ClubdeCuervos.png","lavozmexico":"LaVozMX_2017\/LaVozMX_2017.png","golalazo":"GoLALAzo_v2\/GoLALAzo_v2.png","lvm":"LaVozMX_2017\/LaVozMX_2017.png","btsxamas":"AMAs_2017_BTS_v2\/AMAs_2017_BTS_v2.png","teammiley":"TheVoiceUS_2017\/TheVoiceUS_2017.png","rockets":"NBA_2017_18_HOU\/NBA_2017_18_HOU.png","canadaremembers":"RemembranceDayCananda_2017\/RemembranceDayCananda_2017.png","twaweza":"SafaricomTwaweza_v2\/SafaricomTwaweza_v2.png","memberberries":"SouthParkPremiere_emoji\/SouthParkPremiere_emoji.png","vbyvodafone":"VodaphoneES_RebrandingEmoji\/VodaphoneES_RebrandingEmoji.png","latingrammy":"LatinGrammys_2017\/LatinGrammys_2017.png","searchparty":"Search_Party_S2_Emoji\/Search_Party_S2_Emoji.png","beredseered":"NFL_2017_AZ_Cards_v2\/NFL_2017_AZ_Cards_v2.png","greysanatomyfinale":"TGIT_Meredith_2017_v3\/TGIT_Meredith_2017_v3.png","redpillbluestour":"Maroon5NewAlbum17\/Maroon5NewAlbum17.png","revezamentodatocha":"OlympicFlameEmoji\/OlympicFlameEmoji.png","masterchefazteca":"MasterChefMX\/MasterChefMX.png","dabears":"NFL_2017_CHIBears_v2\/NFL_2017_CHIBears_v2.png","teamkenseth":"NASCAR_2017_Kenseth\/NASCAR_2017_Kenseth.png","60díasconmexico":"MexicoEarthquakeRelief\/MexicoEarthquakeRelief.png","alsmtl":"CFL2017_Montreal\/CFL2017_Montreal.png","tiemposdeguerra4":"TiemposdeGuerra\/TiemposdeGuerra.png","motodiwali":"MotorolaDiwali\/MotorolaDiwali.png","bettycooper":"RiverdaleS2\/RiverdaleS2.png","teamadam":"TheVoiceUS_2017\/TheVoiceUS_2017.png","эстафетаолимпийскогоогня":"OlympicFlameEmoji\/OlympicFlameEmoji.png","ポッキープリッツの日":"PockyJPN_1111_Emoji_v3\/PockyJPN_1111_Emoji_v3.png","claroquevamos":"ClaroPeruWorldCup\/ClaroPeruWorldCup.png","rowdy18":"NASCAR_2017_Busch_Ky\/NASCAR_2017_Busch_Ky.png","gladiatorsout":"TGIT_Scandal_2017\/TGIT_Scandal_2017.png","greysanatomy":"TGIT_Meredith_2017_v3\/TGIT_Meredith_2017_v3.png","wethenorth":"NBA_2017_18_TOR\/NBA_2017_18_TOR.png","sheinmodest":"SheIn_MiddleEast\/SheIn_MiddleEast.png","eslnyc":"ESL_Live_Emojiv2\/ESL_Live_Emojiv2.png","punisher":"The_Punisher_Emoji\/The_Punisher_Emoji.png","12daysofgiveaways":"Ellen_12Days_Holiday_Emoji\/Ellen_12Days_Holiday_Emoji.png","торрагнарек":"ThorRagnarok_Thor\/ThorRagnarok_Thor.png","moboawards":"MOBOAwards2017\/MOBOAwards2017.png","türkekonomibankası":"TEBTennis_emoji\/TEBTennis_emoji.png","cbcthenational":"CBCna_17_emoji\/CBCna_17_emoji.png","dhatx17":"Dreamhack_Emoji_Final\/Dreamhack_Emoji_Final.png","sexiestmanalive":"Peoples_Sexiest_Man_Alive_Emoji_2017\/Peoples_Sexiest_Man_Alive_Emoji_2017.png","mexiconopara":"MexicoEarthquakeRelief\/MexicoEarthquakeRelief.png","htgawmabc":"TGIT_HTGAWM_2017_v2\/TGIT_HTGAWM_2017_v2.png","bucs":"NFL_2017_TAMPABuccaneers\/NFL_2017_TAMPABuccaneers.png","larams":"NFL_2017_LARams_v2\/NFL_2017_LARams_v2.png","codwwii":"CODWWII_emoji\/CODWWII_emoji.png","gospursgo":"NBA_2017_18_SAS\/NBA_2017_18_SAS.png","coronacapital17":"Corona_Capital_17_Emoji\/Corona_Capital_17_Emoji.png","thevoiceblinds":"TheVoiceUS_2017\/TheVoiceUS_2017.png","dubnation":"NBA_2017_18_GSW\/NBA_2017_18_GSW.png","mushroommeltisback":"Canada_Wendys_BPMM_Emoji\/Canada_Wendys_BPMM_Emoji.png","boo2":"MadeaBoo2\/MadeaBoo2.png","بطاقة_تمكين":"BankAlBlad\/BankAlBlad.png","forthew":"CFL2017_Winnipeg\/CFL2017_Winnipeg.png","avidaéumafesta":"Coco_Emoji\/Coco_Emoji.png","tehacefaltavermasbax":"SomosBoxHeinekenTecate_v3\/SomosBoxHeinekenTecate_v3.png","glamourwoty2017":"Glamour_Women_of_the_Year_Emoji\/Glamour_Women_of_the_Year_Emoji.png","takenote":"NBA_2017_18_UTA\/NBA_2017_18_UTA.png","gopats":"NFL_2017_NEPatriots_v2\/NFL_2017_NEPatriots_v2.png","cartman":"SouthParkPremiere_emoji\/SouthParkPremiere_emoji.png","camry":"ToyotaCamryEmoji\/ToyotaCamryEmoji.png","oneempire":"CFL2017_Edmonton\/CFL2017_Edmonton.png","entraunoptimista":"Entel_Clasificatorias_Emoji\/Entel_Clasificatorias_Emoji.png","올림픽성화봉송":"OlympicFlameEmoji\/OlympicFlameEmoji.png","teamlarson":"NASCAR_2017_Larson\/NASCAR_2017_Larson.png","gowinx":"Tab_Winx_Emoji_v2\/Tab_Winx_Emoji_v2.png","tiemposdeguerra8":"TiemposdeGuerra\/TiemposdeGuerra.png","teamjhud":"TheVoiceUS_2017\/TheVoiceUS_2017.png","olaftautauf":"Olaf_Emoji\/Olaf_Emoji.png","greysfinale":"TGIT_Meredith_2017_v3\/TGIT_Meredith_2017_v3.png","slfn":"SLFN_2017\/SLFN_2017.png","riverdale":"RiverdaleS2\/RiverdaleS2.png","niallxamas":"AMA_2017_Niall\/AMA_2017_Niall.png","happymotodiwali":"MotorolaDiwali\/MotorolaDiwali.png","iemsydney2017":"IEM_2017_Emoji\/IEM_2017_Emoji.png","infojobssiemprecontigo":"InfojobsEmoji_v2\/InfojobsEmoji_v2.png","raidersenmexico":"NFL_MEXICO_Emoji\/NFL_MEXICO_Emoji.png","loretv":"AmazonLore\/AmazonLore.png","epcot":"WaltDisneyWorld_emoji_v2\/WaltDisneyWorld_emoji_v2.png","searchpartytbs":"Search_Party_S2_Emoji\/Search_Party_S2_Emoji.png","pacers":"NBA_2017_18_IND\/NBA_2017_18_IND.png","wearetwd":"TWD100\/TWD100.png","shopsmall":"ShopSmallAmex_2017_v2\/ShopSmallAmex_2017_v2.png","mxs2017":"MXS2017_emoji_flight1\/MXS2017_emoji_flight1.png","browns":"NFL_2017_CLEBrowns\/NFL_2017_CLEBrowns.png","아쿠아맨":"JusticeLeague_Aquaman\/JusticeLeague_Aquaman.png","appreci88ion":"NASCAR_2017_EarnhardtJr\/NASCAR_2017_EarnhardtJr.png","latenighttv":"BET_Rundown_Emoji\/BET_Rundown_Emoji.png","iemoakland2017":"IEM_2017_Emoji\/IEM_2017_Emoji.png","johnlewisxmasad":"John_Lewis_Christmas_Emoji_v3\/John_Lewis_Christmas_Emoji_v3.png","rnation":"CFL2017_Ottawa\/CFL2017_Ottawa.png","arrivesafely":"ChevyEquinoxLaunchEmoji_v2\/ChevyEquinoxLaunchEmoji_v2.png","biggboss11":"BigBoss11_India\/BigBoss11_India.png","ラブライブ発表会":"LoveLive_Emoji_v2\/LoveLive_Emoji_v2.png","원더우먼":"JusticeLeague_wonderwoman\/JusticeLeague_wonderwoman.png","mytwitteranniversary":"MyTwitterAnniversary\/MyTwitterAnniversary.png","dwtsfinale":"DWTS_S25_v2\/DWTS_S25_v2.png","festivalcheddar":"McDonaldsCheddar\/McDonaldsCheddar.png","iemoakland":"IEM_2017_Emoji\/IEM_2017_Emoji.png","grammylatino":"LatinGrammys_2017\/LatinGrammys_2017.png","subwaylivefeed":"SubwayCanada_LiveFeed\/SubwayCanada_LiveFeed.png","msftsmusic":"SYRE_emoji\/SYRE_emoji.png","thecwapp":"RiverdaleS2\/RiverdaleS2.png","colts":"NFL_2017_INDColts_v2\/NFL_2017_INDColts_v2.png","fuerzaméxico":"MexicoEarthquakeRelief\/MexicoEarthquakeRelief.png","batman":"JusticeLeague_Batman\/JusticeLeague_Batman.png","masterchefmx":"MasterChefMX\/MasterChefMX.png","loki":"ThorRagnarok_Loki_v2\/ThorRagnarok_Loki_v2.png","nbbnotwitter":"Emoji_NBB_2017_2018\/Emoji_NBB_2017_2018.png","平和オリンピック":"Peace_Olympics_EMOJI_v3\/Peace_Olympics_EMOJI_v3.png","thevalkyrie":"ThorRagnarok_Valkyrie\/ThorRagnarok_Valkyrie.png","mtnbrightside":"MTN_BrightSide_Emoji\/MTN_BrightSide_Emoji.png","cheddarlive":"Cheddar_Emoji_v3\/Cheddar_Emoji_v3.png","лигасправедливости":"JusticeLeague_JL\/JusticeLeague_JL.png","アクアマン":"JusticeLeague_Aquaman\/JusticeLeague_Aquaman.png","htgawmfinale":"TGIT_HTGAWM_2017_v2\/TGIT_HTGAWM_2017_v2.png","hotvier":"GoodBehaviorS2\/GoodBehaviorS2.png","60diasconméxico":"MexicoEarthquakeRelief\/MexicoEarthquakeRelief.png","latingrammys":"LatinGrammys_2017\/LatinGrammys_2017.png","mnwild":"NHL_2017_2018_MNwild\/NHL_2017_2018_MNwild.png","teamstark":"DWTS_S25_v2\/DWTS_S25_v2.png","toomanystars":"HBONightofTooManyStars\/HBONightofTooManyStars.png","latenightlit":"BET_Rundown_Emoji\/BET_Rundown_Emoji.png","olympictorchrelay":"OlympicFlameEmoji\/OlympicFlameEmoji.png","goniners":"NFL_2017_SF49ers_v2\/NFL_2017_SF49ers_v2.png","caglayasor":"TEBTennis_emoji\/TEBTennis_emoji.png","letsgoducks":"NHL_2017_2018_Ducks\/NHL_2017_2018_Ducks.png","walkingdead":"TWD100\/TWD100.png","cye":"CurbYourEnthusiasm_2017\/CurbYourEnthusiasm_2017.png","pawlidays":"Zappos_Pawlidayz_Campaign_Emoji\/Zappos_Pawlidayz_Campaign_Emoji.png","archiecomics":"RiverdaleS2\/RiverdaleS2.png","nyr":"NHL_2017_2018_Buff_NYRangers\/NHL_2017_2018_Buff_NYRangers.png","vidasnegras":"BlackConsciousnessMonth_BR_2017\/BlackConsciousnessMonth_BR_2017.png","empireseason4":"EmpireFoxCookie\/EmpireFoxCookie.png","dwtspremiere":"DWTS_S25_v2\/DWTS_S25_v2.png","hulk":"ThorRagnarok_Hulk_v2\/ThorRagnarok_Hulk_v2.png","webinarinfojobs":"InfojobsEmoji_v2\/InfojobsEmoji_v2.png","iempoland":"IEM_2017_Emoji\/IEM_2017_Emoji.png","eslcologne2017":"ESL_Live_Emojiv2\/ESL_Live_Emojiv2.png","mobos2017":"MOBOAwards2017\/MOBOAwards2017.png","alamexicana":"SidralMundetAlaMexicana\/SidralMundetAlaMexicana.png","greysabc":"TGIT_Meredith_2017_v3\/TGIT_Meredith_2017_v3.png","bbnominations":"BigBoss11_India\/BigBoss11_India.png","ghostedonfox":"GhostedFox\/GhostedFox.png","nfluk":"NFLinUK_UnionJack_v2\/NFLinUK_UnionJack_v2.png","allforone":"NBA_2017_18_CLE\/NBA_2017_18_CLE.png","flyeaglesfly":"NFL_2017_PHILEagles_v2\/NFL_2017_PHILEagles_v2.png","iemshanghai2017":"IEM_2017_Emoji\/IEM_2017_Emoji.png","keystoprogress":"Keys2Progress\/Keys2Progress.png","manuelxmas":"Manuel_Bartual_Emoji\/Manuel_Bartual_Emoji.png","madeahalloween":"MadeaBoo2\/MadeaBoo2.png","starseason2":"STAR_SEASON2_Emoji\/STAR_SEASON2_Emoji.png","alltogethernowstl":"NHL_2017_2018_STL_Blues\/NHL_2017_2018_STL_Blues.png","relevodelaantorchaolímpica":"OlympicFlameEmoji\/OlympicFlameEmoji.png","njdevils":"NHL_2017_2018_NJDevils\/NHL_2017_2018_NJDevils.png","soundslikefridaynight":"SLFN_2017\/SLFN_2017.png","ariasshawnmendes":"ARIAS2017_ShawnMendes\/ARIAS2017_ShawnMendes.png","womensashes":"WomensAshes2017\/WomensAshes2017.png","cocoilfilm":"Coco_Emoji\/Coco_Emoji.png","voicetop12":"TheVoiceUS_2017\/TheVoiceUS_2017.png","babesofmissguided":"MissguidedUK2017\/MissguidedUK2017.png","ariaawards":"Aria_2017\/Aria_2017.png","wonderwoman":"JusticeLeague_wonderwoman\/JusticeLeague_wonderwoman.png","motherofunicorns":"BET_Rundown_Emoji\/BET_Rundown_Emoji.png","dhfr17":"Dreamhack_Emoji_Final\/Dreamhack_Emoji_Final.png","seahawks":"NFL_2017_SEASeahawks_v2\/NFL_2017_SEASeahawks_v2.png","therundownbet":"BET_Rundown_Emoji\/BET_Rundown_Emoji.png","amtodmbf":"BuzzFeedMorning_v2\/BuzzFeedMorning_v2.png","17in17":"NASCAR_2017_StenhouseJr\/NASCAR_2017_StenhouseJr.png","ravensflock":"NFL_2017_BALRavens_v2\/NFL_2017_BALRavens_v2.png","liburandengangoogle":"Google_App_APAC_ID_Twitter_Travel_Emoji_v2\/Google_App_APAC_ID_Twitter_Travel_Emoji_v2.png","popbuzzpresents":"PopbuzzPresents_Emoji\/PopbuzzPresents_Emoji.png","chilevota":"ChileanPresidentialElection_2017\/ChileanPresidentialElection_2017.png","オリンピック聖火":"OlympicFlameEmoji\/OlympicFlameEmoji.png","canada150":"Canada150_emojiv6\/Canada150_emojiv6.png","iem":"IEM_2017_Emoji\/IEM_2017_Emoji.png","southparkpremiere":"SouthParkPremiere_emoji\/SouthParkPremiere_emoji.png","themick":"TheMickPremiere_2017_v2\/TheMickPremiere_2017_v2.png","dhw17":"Dreamhack_Emoji_Final\/Dreamhack_Emoji_Final.png","nitroluyorum":"Doritos_Flight2_2017\/Doritos_Flight2_2017.png","chamaolimpica":"OlympicFlameEmoji\/OlympicFlameEmoji.png","macysthanksgivingdayparade":"Macys_Thanksgiving_Day_Parade_Emoji_v2\/Macys_Thanksgiving_Day_Parade_Emoji_v2.png","thevoicepremiere":"TheVoiceUS_2017\/TheVoiceUS_2017.png","latingrammy2017":"LatinGrammys_2017\/LatinGrammys_2017.png","voiceblinds":"TheVoiceUS_2017\/TheVoiceUS_2017.png","sacramentoproud":"NBA_2017_18_SAC\/NBA_2017_18_SAC.png","thunderup":"NBA_2017_18_OKC\/NBA_2017_18_OKC.png","fredandrews":"RiverdaleS2\/RiverdaleS2.png","nbatwitter":"NBATwitter_Emoji___v4\/NBATwitter_Emoji___v4.png","greys300":"TGIT_Meredith_2017_v3\/TGIT_Meredith_2017_v3.png","disneyfrozen":"Olaf_Emoji\/Olaf_Emoji.png","4thecup":"NASCAR_2017_Harvick\/NASCAR_2017_Harvick.png","abbepierre":"FR_Fondation_Abbe_Pierre_EMOJI\/FR_Fondation_Abbe_Pierre_EMOJI.png","tebletenis":"TEBTennis_emoji\/TEBTennis_emoji.png","zapposforpets":"Zappos_Pawlidayz_Campaign_Emoji\/Zappos_Pawlidayz_Campaign_Emoji.png","dcfamily":"NBA_2017_18_WAS\/NBA_2017_18_WAS.png","goingfor2":"NASCAR_2017_Keselowski\/NASCAR_2017_Keselowski.png","thebestofcokestudioph":"CokeStudioPH\/CokeStudioPH.png","givethanks":"St_Jude_T_G_Emoji\/St_Jude_T_G_Emoji.png","badmomsxmaslive":"BadMomsChristmas_emoji_v2\/BadMomsChristmas_emoji_v2.png","msrossxamas":"AMA_2017_DianaRoss\/AMA_2017_DianaRoss.png","tehacefaltavermásbax":"SomosBoxHeinekenTecate_v3\/SomosBoxHeinekenTecate_v3.png","buevdesamsungvar":"SamsungBESVBrand\/SamsungBESVBrand.png","xf2017":"XFactorAug2017\/XFactorAug2017.png","coronacapital":"Corona_Capital_17_Emoji\/Corona_Capital_17_Emoji.png","teamyuri":"LaVozMX_2017\/LaVozMX_2017.png","itmattershowyougetthere":"LyftBrandCampaign\/LyftBrandCampaign.png","アナ雪家族の思い出":"Olaf_Emoji\/Olaf_Emoji.png","قابوس_بن_سعيد":"Bank_of_Muscat_Emoji\/Bank_of_Muscat_Emoji.png","celtics":"NBA_2017_18_BOS\/NBA_2017_18_BOS.png","disneyparks":"WaltDisneyWorld_emoji_v2\/WaltDisneyWorld_emoji_v2.png","nikexnba":"NikeHoops_emoji\/NikeHoops_emoji.png","tiemposdeguerra3":"TiemposdeGuerra\/TiemposdeGuerra.png","msftsfrequency":"SYRE_emoji\/SYRE_emoji.png","olympicflame":"OlympicFlameEmoji\/OlympicFlameEmoji.png","infojobsnext":"InfojobsEmoji_v2\/InfojobsEmoji_v2.png","bureauunderground":"GhostedFox\/GhostedFox.png","teamlaura":"LaVozMX_2017\/LaVozMX_2017.png","iemkatowice":"IEM_2017_Emoji\/IEM_2017_Emoji.png","badmomsxmas":"BadMomsChristmas_emoji_v2\/BadMomsChristmas_emoji_v2.png","masterchefmex":"MasterChefMX\/MasterChefMX.png","teamviva":"DWTS_S25_v2\/DWTS_S25_v2.png","nflméxico":"NFL_MEXICO_Emoji\/NFL_MEXICO_Emoji.png","نوفمبر_المجيد":"Bank_of_Muscat_Emoji\/Bank_of_Muscat_Emoji.png","thevoiceplayoffs":"TheVoiceUS_2017\/TheVoiceUS_2017.png","валькирия":"ThorRagnarok_Valkyrie\/ThorRagnarok_Valkyrie.png","和平奥运会":"Peace_Olympics_EMOJI_v3\/Peace_Olympics_EMOJI_v3.png","everybitofchristmas":"Sainsburys_Christmas_2017_Emoji_v2\/Sainsburys_Christmas_2017_Emoji_v2.png","eleccioneschile":"ChileanPresidentialElection_2017\/ChileanPresidentialElection_2017.png","eslone2017":"ESL_Live_Emojiv2\/ESL_Live_Emojiv2.png","superman":"JusticeLeague_Superman\/JusticeLeague_Superman.png","mffl":"NBA_2017_18_DAL\/NBA_2017_18_DAL.png","nflmexico":"NFL_MEXICO_Emoji\/NFL_MEXICO_Emoji.png","tiemposdeguerra12":"TiemposdeGuerra\/TiemposdeGuerra.png","curbisback":"CurbYourEnthusiasm_2017\/CurbYourEnthusiasm_2017.png","freshevents":"FreshEmpireQ4_emoji\/FreshEmpireQ4_emoji.png","isles":"NHL_2017_2018_NYIslanders\/NHL_2017_2018_NYIslanders.png","リメンバーミー":"Coco_Emoji\/Coco_Emoji.png","moissanstabac":"MoisSansTabac__emoji\/MoisSansTabac__emoji.png","badmoms":"BadMomsChristmas_emoji_v2\/BadMomsChristmas_emoji_v2.png","dennydelivers":"NASCAR_2017_Hamlin\/NASCAR_2017_Hamlin.png","bodyroll":"BET_Rundown_Emoji\/BET_Rundown_Emoji.png","twd100":"TWD100\/TWD100.png","readyforit":"Taylor_Swift_Emoji_Reputation\/Taylor_Swift_Emoji_Reputation.png","turkishairlinesopen2017":"TurkishAirlinesOpen2017_v2\/TurkishAirlinesOpen2017_v2.png","am2dm":"BuzzFeedMorning_v2\/BuzzFeedMorning_v2.png","modernmarshalls":"MarshallMovie_v2\/MarshallMovie_v2.png","themeltisback":"Canada_Wendys_BPMM_Emoji\/Canada_Wendys_BPMM_Emoji.png","xffinal":"XFactorAug2017\/XFactorAug2017.png","60diasconmexico":"MexicoEarthquakeRelief\/MexicoEarthquakeRelief.png","تطبيق_فاذكروني":"BankAlBlad\/BankAlBlad.png","hela":"ThorRagnarok_Hela\/ThorRagnarok_Hela.png","ligadelajusticia":"JusticeLeague_JL\/JusticeLeague_JL.png","blackish":"Blackish_emoji\/Blackish_emoji.png","billythepuppet":"JigsawEmoji\/JigsawEmoji.png","take3":"STAR_SEASON2_Emoji\/STAR_SEASON2_Emoji.png","unlockunlimited":"Live_Nation_Emoji_T\/Live_Nation_Emoji_T.png","amas":"AMA_2017_AMA_Award\/AMA_2017_AMA_Award.png","scanda7":"TGIT_Scandal_2017\/TGIT_Scandal_2017.png","patriotsenmexico":"NFL_MEXICO_Emoji\/NFL_MEXICO_Emoji.png","hallelujer":"MadeaBoo2\/MadeaBoo2.png","armyxamas":"AMAs_2017_BTS_v2\/AMAs_2017_BTS_v2.png","loreamazon":"AmazonLore\/AmazonLore.png","şampiyonlukyolunda":"TurkishAirlinesEmoji2017\/TurkishAirlinesEmoji2017.png","tiemposdeguerra7":"TiemposdeGuerra\/TiemposdeGuerra.png","grindcity":"NBA_2017_18_MEM\/NBA_2017_18_MEM.png","gladiatorsabc":"TGIT_Scandal_2017\/TGIT_Scandal_2017.png","badmomschristmas":"BadMomsChristmas_emoji_v2\/BadMomsChristmas_emoji_v2.png","syre":"SYRE_emoji\/SYRE_emoji.png","probowlvote":"probowlvote\/probowlvote.png","draftkings":"DraftKingsFFB_AftKings_v3\/DraftKingsFFB_AftKings_v3.png","eslonenyc":"ESL_Live_Emojiv2\/ESL_Live_Emojiv2.png","consciencianegra":"BlackConsciousnessMonth_BR_2017\/BlackConsciousnessMonth_BR_2017.png","lgrw":"NHL_2017_2018_DetroitRW\/NHL_2017_2018_DetroitRW.png","boo2madeahalloween":"MadeaBoo2\/MadeaBoo2.png","dallascowboys":"NFL_2017_DALCowboys\/NFL_2017_DALCowboys.png","cflthisweek":"CFL2017_GreyCup_v2\/CFL2017_GreyCup_v2.png","disneysanimalkingdom":"VisitPandoraRound2\/VisitPandoraRound2.png","debateradialarchi2017":"ChileanPresidentialElection_2017\/ChileanPresidentialElection_2017.png","wavo":"Wavo_Emoji\/Wavo_Emoji.png","infojobsfunciona":"InfojobsEmoji_v2\/InfojobsEmoji_v2.png","iem2017":"IEM_2017_Emoji\/IEM_2017_Emoji.png","олимпийскийогонь":"OlympicFlameEmoji\/OlympicFlameEmoji.png","abbépierre":"FR_Fondation_Abbe_Pierre_EMOJI\/FR_Fondation_Abbe_Pierre_EMOJI.png","hellur":"MadeaBoo2\/MadeaBoo2.png","بنك_البلاد":"BankAlBlad\/BankAlBlad.png","олафихолодноеприключние":"Olaf_Emoji\/Olaf_Emoji.png","madeasimmons":"MadeaBoo2\/MadeaBoo2.png","draftitis":"DraftKingsFFB_AftKings_v3\/DraftKingsFFB_AftKings_v3.png","mustachemeanything":"MurderOrientExpress_emoji1_Mustache_v2\/MurderOrientExpress_emoji1_Mustache_v2.png","aquaman":"JusticeLeague_Aquaman\/JusticeLeague_Aquaman.png","joyeuxmccafe":"McCafe_Canada_Festive_Emoji_v2\/McCafe_Canada_Festive_Emoji_v2.png","teamateam":"DWTS_S25_v2\/DWTS_S25_v2.png","ellenshowmemore":"Google_and_Ellen\/Google_and_Ellen.png","киборг":"JusticeLeague_cyborg\/JusticeLeague_cyborg.png","glamourwoty":"Glamour_Women_of_the_Year_Emoji\/Glamour_Women_of_the_Year_Emoji.png","juandiegobotto":"GoodBehaviorS2\/GoodBehaviorS2.png","amadeahalloween":"MadeaBoo2\/MadeaBoo2.png","eslone":"ESL_Live_Emojiv2\/ESL_Live_Emojiv2.png","requestabet":"SkyBet_RequestABet\/SkyBet_RequestABet.png","greycup":"CFL2017_GreyCup_v2\/CFL2017_GreyCup_v2.png","navidadilimitada":"Emoji_Dimitree_Entel\/Emoji_Dimitree_Entel.png","friendsagain":"FriendsAgain__\/FriendsAgain__.png","heiseveryone":"JigsawEmoji\/JigsawEmoji.png","truetoatlanta":"NBA_2017_18_ATL\/NBA_2017_18_ATL.png","relevodelaantorchaolimpica":"OlympicFlameEmoji\/OlympicFlameEmoji.png","eslonecgn":"ESL_Live_Emojiv2\/ESL_Live_Emojiv2.png","orientexpressmovie":"Murder_Orient_Express_Emoji_Magnifying_Glass\/Murder_Orient_Express_Emoji_Magnifying_Glass.png","michelledockery":"GoodBehaviorS2\/GoodBehaviorS2.png","bnppsff":"BNPP_Sustainable\/BNPP_Sustainable.png","debateanatel":"ChileanPresidentialElection_2017\/ChileanPresidentialElection_2017.png","ariasharrystyles":"ARIAS_HARRYSTYLES_emoji_v2\/ARIAS_HARRYSTYLES_emoji_v2.png","blackhawks":"NHL_2017_2018_Blackhawks\/NHL_2017_2018_Blackhawks.png","teamcookie":"EmpireFoxCookie\/EmpireFoxCookie.png","私にとって平和とは":"Peace_Olympics_EMOJI_v3\/Peace_Olympics_EMOJI_v3.png","flammeolympique":"OlympicFlameEmoji\/OlympicFlameEmoji.png","pazparami":"Peace_Olympics_EMOJI_v3\/Peace_Olympics_EMOJI_v3.png","sjsharks":"NHL_2017_2018_SJSharks\/NHL_2017_2018_SJSharks.png","scandalabc":"TGIT_Scandal_2017\/TGIT_Scandal_2017.png","tebtenisstars":"TEBTennis_emoji\/TEBTennis_emoji.png","lovethebear":"MS_Christmas_2017_Emoji\/MS_Christmas_2017_Emoji.png","sunsat50":"NBA_2017_18_PHX\/NBA_2017_18_PHX.png","jughead":"RiverdaleS2\/RiverdaleS2.png","tissuetuesdays":"ThisIsUs_S2_2017_v4\/ThisIsUs_S2_2017_v4.png","texans":"NFL_2017_HOUTexans_v2\/NFL_2017_HOUTexans_v2.png","arias":"Aria_2017\/Aria_2017.png","coketruck":"Coke_Xmas_2017_Emoji_v2\/Coke_Xmas_2017_Emoji_v2.png","dhmtl17":"Dreamhack_Emoji_Final\/Dreamhack_Emoji_Final.png","blakeshelton":"Peoples_Sexiest_Man_Alive_Emoji_2017\/Peoples_Sexiest_Man_Alive_Emoji_2017.png","البلاد_مبادرة":"BankAlBlad\/BankAlBlad.png","badmomsmovie":"BadMomsChristmas_emoji_v2\/BadMomsChristmas_emoji_v2.png","olafotraaventuracongeladadefrozen":"Olaf_Emoji\/Olaf_Emoji.png","pixarcoco":"Coco_Emoji\/Coco_Emoji.png","gostars":"NHL_2017_2018_DStars\/NHL_2017_2018_DStars.png","coupegrey":"CFL2017_GreyCup_v2\/CFL2017_GreyCup_v2.png","thepunisher":"The_Punisher_Emoji\/The_Punisher_Emoji.png","サイボーグ":"JusticeLeague_cyborg\/JusticeLeague_cyborg.png","хела":"ThorRagnarok_Hela\/ThorRagnarok_Hela.png","empirewed":"EmpireFall17_v2\/EmpireFall17_v2.png","hollywoodstudios":"WaltDisneyWorld_emoji_v2\/WaltDisneyWorld_emoji_v2.png","empire":"EmpireFoxCookie\/EmpireFoxCookie.png","eslonegenting":"ESL_Live_Emojiv2\/ESL_Live_Emojiv2.png","judgeshouses":"XFactorAug2017\/XFactorAug2017.png","adamconover":"adam_Emoji\/adam_Emoji.png","xfactor":"XFactorAug2017\/XFactorAug2017.png","redvolution":"NHL_2017_2018_CarolinaCanes\/NHL_2017_2018_CarolinaCanes.png","flapanthers":"NHL_2017_2018_FlaPanthers\/NHL_2017_2018_FlaPanthers.png","fondationabbépierre":"FR_Fondation_Abbe_Pierre_EMOJI\/FR_Fondation_Abbe_Pierre_EMOJI.png","hiramlodge":"RiverdaleS2\/RiverdaleS2.png","quieresmásdelavida":"KiaStonic\/KiaStonic.png","vamoschilectm":"Entel_Clasificatorias_Emoji\/Entel_Clasificatorias_Emoji.png","seasonitis":"DraftKingsFFB_AftKings_v3\/DraftKingsFFB_AftKings_v3.png","raidernation":"NFL_2017_Raiders_v4\/NFL_2017_Raiders_v4.png","voicepremiere":"TheVoiceUS_2017\/TheVoiceUS_2017.png","freshempire":"FreshEmpireQ4_emoji\/FreshEmpireQ4_emoji.png","finsup":"NFL_2017_MIADolphins_v2\/NFL_2017_MIADolphins_v2.png","mutantsunite":"TheGiftedFox_\/TheGiftedFox_.png","voicefinale":"TheVoiceUS_2017\/TheVoiceUS_2017.png","heforshe":"HeForShe_fixed\/HeForShe_fixed.png","7candal":"TGIT_Scandal_2017\/TGIT_Scandal_2017.png","adamruins":"adam_Emoji\/adam_Emoji.png","thisisus":"ThisIsUs_S2_2017_v4\/ThisIsUs_S2_2017_v4.png","heatculture":"NBA_2017_18_MIA\/NBA_2017_18_MIA.png","consciêncianegra":"BlackConsciousnessMonth_BR_2017\/BlackConsciousnessMonth_BR_2017.png","newsouthpark":"SouthParkPremiere_emoji\/SouthParkPremiere_emoji.png","joyeuxmccafé":"McCafe_Canada_Festive_Emoji_v2\/McCafe_Canada_Festive_Emoji_v2.png","johnlewischristmasad":"John_Lewis_Christmas_Emoji_v3\/John_Lewis_Christmas_Emoji_v3.png","csabraxgracenote":"CokeStudioPH\/CokeStudioPH.png","doctoraftkings":"DraftKingsFFB_AftKings_v3\/DraftKingsFFB_AftKings_v3.png","peoplesexiestmanalive":"Peoples_Sexiest_Man_Alive_Emoji_2017\/Peoples_Sexiest_Man_Alive_Emoji_2017.png","twd":"TWD100\/TWD100.png","nasılateşliyim":"Doritos_Flight2_2017\/Doritos_Flight2_2017.png","ciborgue":"JusticeLeague_cyborg\/JusticeLeague_cyborg.png","chasing8":"NASCAR_2017_Johnson_v2\/NASCAR_2017_Johnson_v2.png","bingeoncurb":"CurbYourEnthusiasm_2017\/CurbYourEnthusiasm_2017.png","letsfootball":"Indian_Super_League_Emoji\/Indian_Super_League_Emoji.png","sabres":"NHL_2017_2018_Buff_Sabres\/NHL_2017_2018_Buff_Sabres.png","hagamosteamback":"HagamosTeamBlack_v2\/HagamosTeamBlack_v2.png","brightsummer":"MTN_BrightSide_Emoji\/MTN_BrightSide_Emoji.png","happyhollerween":"MadeaBoo2\/MadeaBoo2.png","inbrotherhood":"NFL_2017_ATLFalcons_v2\/NFL_2017_ATLFalcons_v2.png","kellyclarkson":"KellyClarksonMOL\/KellyClarksonMOL.png","maroon5":"Maroon5NewAlbum17\/Maroon5NewAlbum17.png","mobos":"MOBOAwards2017\/MOBOAwards2017.png","notableteacher":"AppleEDU_NotableTeacher\/AppleEDU_NotableTeacher.png","ariasbrunomars":"ARIAS_Round2_Bruno\/ARIAS_Round2_Bruno.png","varchie":"RiverdaleS2\/RiverdaleS2.png","voicetop11":"TheVoiceUS_2017\/TheVoiceUS_2017.png","lorepremiere":"AmazonLore\/AmazonLore.png","letsgopens":"NHL_2017_2018_Penguins\/NHL_2017_2018_Penguins.png","masterchefmexico":"MasterChefMX\/MasterChefMX.png","jigsawiseveryone":"JigsawEmoji\/JigsawEmoji.png","fifa18":"EASportsFIFA18_v2\/EASportsFIFA18_v2.png","esloneny2017":"ESL_Live_Emojiv2\/ESL_Live_Emojiv2.png","аквамен":"JusticeLeague_Aquaman\/JusticeLeague_Aquaman.png","experienceperfection":"Motorola_X4_launch_Emoji_v2\/Motorola_X4_launch_Emoji_v2.png","mccafeyourholiday":"McCafe_Canada_Festive_Emoji_v2\/McCafe_Canada_Festive_Emoji_v2.png","dhvlc17":"Dreamhack_Emoji_Final\/Dreamhack_Emoji_Final.png","teamjennifer":"TheVoiceUS_2017\/TheVoiceUS_2017.png","dodgedown":"Dodge_Mexico_NFL_EMOJI\/Dodge_Mexico_NFL_EMOJI.png","nhlbruins":"NHL_2017_2018_NHLBruins\/NHL_2017_2018_NHLBruins.png","blackhistorymonth":"BlackHistoryMonth\/BlackHistoryMonth.png","tailegsblueroom":"TurkishAirlinesEmoji2017\/TurkishAirlinesEmoji2017.png","sharethemoment":"ThisIsUs_S2_2017_v4\/ThisIsUs_S2_2017_v4.png","cuervopolo":"CuervoPolo\/CuervoPolo.png","siguetubeat":"ChevroletBeatGMMexico_v2\/ChevroletBeatGMMexico_v2.png","motox4":"Motorola_X4_launch_Emoji_v2\/Motorola_X4_launch_Emoji_v2.png","wdw":"WaltDisneyWorld_emoji_v2\/WaltDisneyWorld_emoji_v2.png","dhatl17":"Dreamhack_Emoji_Final\/Dreamhack_Emoji_Final.png","평창올림픽성화봉송":"OlympicFlameEmoji\/OlympicFlameEmoji.png","starwarsbattlefrontii":"EAStarWars_StarWarsBattlefrontII_Emoji\/EAStarWars_StarWarsBattlefrontII_Emoji.png","eslhamburg":"ESL_Live_Emojiv2\/ESL_Live_Emojiv2.png","doritoshotwave":"Doritos_Flight2_2017\/Doritos_Flight2_2017.png","acısıylatatlısıyla":"Doritos_Flight2_2017\/Doritos_Flight2_2017.png","csebedancelxautotelic":"CokeStudioPH\/CokeStudioPH.png","extracamp":"ImACeleb2017GetMeOutofHere\/ImACeleb2017GetMeOutofHere.png","vegasborn":"NHL_2017_2018_VegasKnights_v2\/NHL_2017_2018_VegasKnights_v2.png","amáximavelocidad":"TelCelMaximaVelocidad_v3\/TelCelMaximaVelocidad_v3.png","askriverdale":"RiverdaleS2\/RiverdaleS2.png","metoo":"MeToo_v2\/MeToo_v2.png","relevodelaantorcha":"OlympicFlameEmoji\/OlympicFlameEmoji.png","macysdayparade":"Macys_Thanksgiving_Day_Parade_Emoji_v2\/Macys_Thanksgiving_Day_Parade_Emoji_v2.png","southpark21":"SouthParkPremiere_emoji\/SouthParkPremiere_emoji.png","eslonecologne2017":"ESL_Live_Emojiv2\/ESL_Live_Emojiv2.png","hamiltonproud":"CFL2017_Hamilton\/CFL2017_Hamilton.png","madea":"MadeaBoo2\/MadeaBoo2.png","amexcobalt":"AmexCobalt\/AmexCobalt.png","wemetontwitter":"WeMetOnt_Emoji\/WeMetOnt_Emoji.png","jigsawmovie":"JigsawEmoji\/JigsawEmoji.png","southpark":"SouthParkPremiere_emoji\/SouthParkPremiere_emoji.png","countdowntostar":"STAR_SEASON2_Emoji\/STAR_SEASON2_Emoji.png","тайнакоко":"Coco_Emoji\/Coco_Emoji.png","fondationabbepierre":"FR_Fondation_Abbe_Pierre_EMOJI\/FR_Fondation_Abbe_Pierre_EMOJI.png","iemsydney":"IEM_2017_Emoji\/IEM_2017_Emoji.png","undisputedchristmas":"UndisputedXmas_emoji_v2\/UndisputedXmas_emoji_v2.png","cwriverdale":"RiverdaleS2\/RiverdaleS2.png","ligadajustiça":"JusticeLeague_JL\/JusticeLeague_JL.png","claroquelahacemos":"ClaroPeruWorldCup\/ClaroPeruWorldCup.png","dimitree":"Emoji_Dimitree_Entel\/Emoji_Dimitree_Entel.png","pagaextradeinfojobs":"InfojobsEmoji_v2\/InfojobsEmoji_v2.png","curbhbo":"CurbYourEnthusiasm_2017\/CurbYourEnthusiasm_2017.png","amas2017":"AMA_2017_AMA_Award\/AMA_2017_AMA_Award.png","ariastheweeknd":"ARIAS_TW_emoji_v2\/ARIAS_TW_emoji_v2.png","mulhermaravilha":"JusticeLeague_wonderwoman\/JusticeLeague_wonderwoman.png","csfrancoxreeselansangan":"CokeStudioPH\/CokeStudioPH.png","standupforsomething":"MarshallMovie_v2\/MarshallMovie_v2.png","эстафетаогня":"OlympicFlameEmoji\/OlympicFlameEmoji.png","lorenycc":"AmazonLore\/AmazonLore.png","mabelsimmons":"MadeaBoo2\/MadeaBoo2.png","新一番搾り":"KirinIchiban\/KirinIchiban.png","voicetop9":"TheVoiceUS_2017\/TheVoiceUS_2017.png","yotes":"NHL_2017_2018_Buff_Coyotes\/NHL_2017_2018_Buff_Coyotes.png","larryshouldatone":"CurbYourEnthusiasm_2017\/CurbYourEnthusiasm_2017.png","ヘラ":"ThorRagnarok_Hela\/ThorRagnarok_Hela.png","wegohard":"NBA_2017_18_BKLYN\/NBA_2017_18_BKLYN.png","soundslikefriday":"SLFN_2017\/SLFN_2017.png","paixpourmoi":"Peace_Olympics_EMOJI_v3\/Peace_Olympics_EMOJI_v3.png","raidersenméxico":"NFL_MEXICO_Emoji\/NFL_MEXICO_Emoji.png","teammaluma":"LaVozMX_2017\/LaVozMX_2017.png","hesaloser":"DraftKingsFFB_AftKings_v3\/DraftKingsFFB_AftKings_v3.png","todossomosfrida":"MexicoEarthquakeRelief\/MexicoEarthquakeRelief.png","marshallmovie":"MarshallMovie_v2\/MarshallMovie_v2.png","bb11":"BigBoss11_India\/BigBoss11_India.png","teamhoopsnheels":"DWTS_S25_v2\/DWTS_S25_v2.png","bhm":"BlackHistoryMonth\/BlackHistoryMonth.png","robinthede":"BET_Rundown_Emoji\/BET_Rundown_Emoji.png","curbyourenthusiasm":"CurbYourEnthusiasm_2017\/CurbYourEnthusiasm_2017.png","gojetsgo":"NHL_2017_2018_Jets\/NHL_2017_2018_Jets.png","eslgenting":"ESL_Live_Emojiv2\/ESL_Live_Emojiv2.png","riverdales2":"RiverdaleS2\/RiverdaleS2.png","bullsnation":"NBA_2017_18_CHI\/NBA_2017_18_CHI.png","quieresmasdelavida":"KiaStonic\/KiaStonic.png","johnkramer":"JigsawEmoji\/JigsawEmoji.png","crispypanpizza":"DiGiornoCrispyPanPizza\/DiGiornoCrispyPanPizza.png","principiantesdeunmundomejor":"VodaphoneES_RebrandingEmoji\/VodaphoneES_RebrandingEmoji.png","олаф":"Olaf_Emoji\/Olaf_Emoji.png","theapprentice":"BBCApprentice2017\/BBCApprentice2017.png","xf11":"XFactor_Italia_v3\/XFactor_Italia_v3.png","tiemposdeguerra11":"TiemposdeGuerra\/TiemposdeGuerra.png","manettedor":"FR_Playstation\/FR_Playstation.png","ハルク":"ThorRagnarok_Hulk_v2\/ThorRagnarok_Hulk_v2.png","나에게평화란":"Peace_Olympics_EMOJI_v3\/Peace_Olympics_EMOJI_v3.png","mccelebrity":"MasrechefCelebrityES_v2\/MasrechefCelebrityES_v2.png","curbs9":"CurbYourEnthusiasm_2017\/CurbYourEnthusiasm_2017.png","benjamins":"DraftKingsFFB_Franklin_v3\/DraftKingsFFB_Franklin_v3.png","voiceknockouts":"TheVoiceUS_2017\/TheVoiceUS_2017.png","eslnewyork":"ESL_Live_Emojiv2\/ESL_Live_Emojiv2.png","disneyworld":"WaltDisneyWorld_emoji_v2\/WaltDisneyWorld_emoji_v2.png","teamvives":"LaVozMX_2017\/LaVozMX_2017.png","nightoftoomanystars":"HBONightofTooManyStars\/HBONightofTooManyStars.png","blacklivesmatter":"BlackHistoryMonth\/BlackHistoryMonth.png","veronicalodge":"RiverdaleS2\/RiverdaleS2.png","macysparade":"Macys_Thanksgiving_Day_Parade_Emoji_v2\/Macys_Thanksgiving_Day_Parade_Emoji_v2.png","eslcologne":"ESL_Live_Emojiv2\/ESL_Live_Emojiv2.png","themickbender":"TheMickPremiere_2017_v2\/TheMickPremiere_2017_v2.png","teamhotproperty":"DWTS_S25_v2\/DWTS_S25_v2.png","eslonehamburg":"ESL_Live_Emojiv2\/ESL_Live_Emojiv2.png","glamourwomanoftheyear":"Glamour_Women_of_the_Year_Emoji\/Glamour_Women_of_the_Year_Emoji.png","preds":"NHL_2017_2018_Preds\/NHL_2017_2018_Preds.png","readyvodafone":"VodaphoneES_RebrandingEmoji\/VodaphoneES_RebrandingEmoji.png","торрагнарёк":"ThorRagnarok_Thor\/ThorRagnarok_Thor.png","allcaps":"NHL_2017_2018_Caps\/NHL_2017_2018_Caps.png","fuerzamexico":"MexicoEarthquakeRelief\/MexicoEarthquakeRelief.png","スーパーマン":"JusticeLeague_Superman\/JusticeLeague_Superman.png","revezamentodatochaolimpica":"OlympicFlameEmoji\/OlympicFlameEmoji.png","allaboutthebenjamins":"DraftKingsFFB_Franklin_v3\/DraftKingsFFB_Franklin_v3.png","chiefskingdom":"NFL_2017_KCChiefs_v2\/NFL_2017_KCChiefs_v2.png","milehighbasketball":"NBA_2017_18_DEN_v2\/NBA_2017_18_DEN_v2.png","kellymol":"KellyClarksonMOL\/KellyClarksonMOL.png","acısısonunda":"Doritos_Flight2_2017\/Doritos_Flight2_2017.png","aynıben":"Doritos_Flight2_2017\/Doritos_Flight2_2017.png","thegiftedonfox":"TheGiftedFox_\/TheGiftedFox_.png","ロキ":"ThorRagnarok_Loki_v2\/ThorRagnarok_Loki_v2.png","xfactorfinal":"XFactorAug2017\/XFactorAug2017.png","letsgooilers":"NHL_2017_2018_Edmonton\/NHL_2017_2018_Edmonton.png","puremagic":"NBA_2017_18_ORL\/NBA_2017_18_ORL.png","teamfrannypack":"DWTS_S25_v2\/DWTS_S25_v2.png","sonraacı":"Doritos_Flight2_2017\/Doritos_Flight2_2017.png","tiemposdeguerra6":"TiemposdeGuerra\/TiemposdeGuerra.png","larrydavid":"CurbYourEnthusiasm_2017\/CurbYourEnthusiasm_2017.png","локи":"ThorRagnarok_Loki_v2\/ThorRagnarok_Loki_v2.png","thevoicefinale":"TheVoiceUS_2017\/TheVoiceUS_2017.png","givegood":"StarbucksCanadaRedCup_v2\/StarbucksCanadaRedCup_v2.png","ripcity":"NBA_2017_18_POR\/NBA_2017_18_POR.png","wantitall":"NikeHoops_emoji\/NikeHoops_emoji.png","stjude":"St_Jude_T_G_Emoji\/St_Jude_T_G_Emoji.png","mustachemeaquestion":"MurderOrientExpress_emoji1_Mustache_v2\/MurderOrientExpress_emoji1_Mustache_v2.png","idrivefor":"ChevyMSABC_Emoji\/ChevyMSABC_Emoji.png","lakeshow":"NBA_2017_18_LAL\/NBA_2017_18_LAL.png","sexiestman":"Peoples_Sexiest_Man_Alive_Emoji_2017\/Peoples_Sexiest_Man_Alive_Emoji_2017.png","returnofthemeltdown":"Canada_Wendys_BPMM_Emoji\/Canada_Wendys_BPMM_Emoji.png","gosaints":"NFL_2017_NOLASaints_v2\/NFL_2017_NOLASaints_v2.png","thevoice":"TheVoiceUS_2017\/TheVoiceUS_2017.png","thisisuspremiere":"ThisIsUs_S2_2017_v4\/ThisIsUs_S2_2017_v4.png","kingsman":"KingsmanSwap\/KingsmanSwap.png","broncoscountry":"NFL_2017_DENBroncos\/NFL_2017_DENBroncos.png","ワンダーウーマン":"JusticeLeague_wonderwoman\/JusticeLeague_wonderwoman.png","imaceleb":"ImACeleb2017GetMeOutofHere\/ImACeleb2017GetMeOutofHere.png","huaweimate10":"HuaweiMate10_v2\/HuaweiMate10_v2.png","southsideserpents":"RiverdaleS2\/RiverdaleS2.png","dollabills":"DraftKingsFFB_Franklin_v3\/DraftKingsFFB_Franklin_v3.png","jbbstage":"Capital_FMs_Jingle_Bell_Ball_2017_Emoji\/Capital_FMs_Jingle_Bell_Ball_2017_Emoji.png","ariaslorde":"ARIAS_Round2_Lorde\/ARIAS_Round2_Lorde.png","herewego":"NFL_2017_PITSteelers_v2\/NFL_2017_PITSteelers_v2.png","12days":"Ellen_12Days_Holiday_Emoji\/Ellen_12Days_Holiday_Emoji.png","joyeusesfetesavecolaf":"Olaf_Emoji\/Olaf_Emoji.png","聖火リレー":"OlympicFlameEmoji\/OlympicFlameEmoji.png","tmltalk":"NHL_2017_2018_MapleLeafs\/NHL_2017_2018_MapleLeafs.png","somosbax":"SomosBoxHeinekenTecate_v3\/SomosBoxHeinekenTecate_v3.png","mujermaravilla":"JusticeLeague_wonderwoman\/JusticeLeague_wonderwoman.png","teb":"TEBTennis_emoji\/TEBTennis_emoji.png","disneypixarcoco":"Coco_Emoji\/Coco_Emoji.png","öncebarbekü":"Doritos_Flight2_2017\/Doritos_Flight2_2017.png","lovehasnolabels":"LoveHasNoLabels2017\/LoveHasNoLabels2017.png","thevoicebattles":"TheVoiceUS_2017\/TheVoiceUS_2017.png","htgawm":"TGIT_HTGAWM_2017_v2\/TGIT_HTGAWM_2017_v2.png","creativeenergy":"DropboxRebrand\/DropboxRebrand.png","blackishabc":"Blackish_emoji\/Blackish_emoji.png","strangerthings":"StrangerThings2\/StrangerThings2.png","eltornado":"FIFA18_ElTornado_v4\/FIFA18_ElTornado_v4.png","ashes":"Ashes2017_v3\/Ashes2017_v3.png","mymtnsummer":"MTN_BrightSide_Emoji\/MTN_BrightSide_Emoji.png","gostampsgo":"CFL2017_CalgaryStamps_v2\/CFL2017_CalgaryStamps_v2.png","teambabiesandballroom":"DWTS_S25_v2\/DWTS_S25_v2.png","archieandrews":"RiverdaleS2\/RiverdaleS2.png","teamsharkeo":"DWTS_S25_v2\/DWTS_S25_v2.png","meaningoflife":"KellyClarksonMOL\/KellyClarksonMOL.png","cfbplayoff":"CFP_2017_Playoff\/CFP_2017_Playoff.png","teamjmac":"NASCAR_2017_McMurray\/NASCAR_2017_McMurray.png","teamsmackdown":"DWTS_S25_v2\/DWTS_S25_v2.png","tgit":"TGIT_Popcorn\/TGIT_Popcorn.png","twd100nite":"TWD100\/TWD100.png","peace4me":"Peace_Olympics_EMOJI_v3\/Peace_Olympics_EMOJI_v3.png","nbb":"Emoji_NBB_2017_2018\/Emoji_NBB_2017_2018.png","バットマン":"JusticeLeague_Batman\/JusticeLeague_Batman.png","jadensmith":"SYRE_emoji\/SYRE_emoji.png","soyonshumains":"FR_Fondation_Abbe_Pierre_EMOJI\/FR_Fondation_Abbe_Pierre_EMOJI.png","staronfox":"STAR_SEASON2_Emoji\/STAR_SEASON2_Emoji.png","adamruinseverything":"adam_Emoji\/adam_Emoji.png","bughead":"RiverdaleS2\/RiverdaleS2.png","dhs17":"Dreamhack_Emoji_Final\/Dreamhack_Emoji_Final.png","olympictruce":"Peace_Olympics_EMOJI_v3\/Peace_Olympics_EMOJI_v3.png","josiemccoy":"RiverdaleS2\/RiverdaleS2.png","حساب_البلاد":"BankAlBlad\/BankAlBlad.png","nflblitz":"NFL_2017_Blitz_v2\/NFL_2017_Blitz_v2.png","jigsawtakesbackhalloween":"JigsawEmoji\/JigsawEmoji.png","lettyier":"GoodBehaviorS2\/GoodBehaviorS2.png","tissuetuesday":"ThisIsUs_S2_2017_v4\/ThisIsUs_S2_2017_v4.png","theorville":"OrvilleEmoji\/OrvilleEmoji.png","طيران_ناس":"FlyNasEidAdha_Emoji_v3\/FlyNasEidAdha_Emoji_v3.png","cherylblossom":"RiverdaleS2\/RiverdaleS2.png","huaweimobileai":"HuaweiMate10_v2\/HuaweiMate10_v2.png","чудоженщина":"JusticeLeague_wonderwoman\/JusticeLeague_wonderwoman.png","espejopúblico":"EspejoPublico_2017_2018\/EspejoPublico_2017_2018.png","empirepreshow":"EmpireFall17_v2\/EmpireFall17_v2.png","gobills":"NFL_2017_BUFBills_v2\/NFL_2017_BUFBills_v2.png","glamourwomenoftheyear":"Glamour_Women_of_the_Year_Emoji\/Glamour_Women_of_the_Year_Emoji.png","eslonecologne":"ESL_Live_Emojiv2\/ESL_Live_Emojiv2.png","manuelbartual":"Manuel_Bartual_Emoji\/Manuel_Bartual_Emoji.png","thor":"ThorRagnarok_Thor\/ThorRagnarok_Thor.png","alleyesnorth":"NBA_2017_18_MIN\/NBA_2017_18_MIN.png","플래시":"JusticeLeague_flash\/JusticeLeague_flash.png","twdrick":"TWD100\/TWD100.png","blackunicorn":"BET_Rundown_Emoji\/BET_Rundown_Emoji.png","holidaysarecoming":"Coke_Xmas_2017_Emoji_v2\/Coke_Xmas_2017_Emoji_v2.png","mozthemonster":"John_Lewis_Christmas_Emoji_v3\/John_Lewis_Christmas_Emoji_v3.png","curb":"CurbYourEnthusiasm_2017\/CurbYourEnthusiasm_2017.png","itcanwait":"ATT_ItCanWait_2017\/ATT_ItCanWait_2017.png","voicetop10":"TheVoiceUS_2017\/TheVoiceUS_2017.png","العيد_الوطني_47_المجيد":"Bank_of_Muscat_Emoji\/Bank_of_Muscat_Emoji.png","bclions":"CFL2017_BCLions\/CFL2017_BCLions.png","fillyourcartwithcolor":"eBay_Q4_Emoji\/eBay_Q4_Emoji.png","keeppounding":"NFL_2017_CARPanthers_v3\/NFL_2017_CARPanthers_v3.png","magickingdom":"WaltDisneyWorld_emoji_v2\/WaltDisneyWorld_emoji_v2.png","riderpride":"CFL2017_Sask\/CFL2017_Sask.png"},"tweetId":"932723697743515649","profile_id":23362781,"endpoint":"\/i\/Jota\/conversation\/932723697743515649","overlayCapable":false,"finagleTraceId":"0040923200379177","isThreaded":true,"inOverlay":true,"trendsCacheKey":null,"decider_personalized_trends":false,"trendsEndpoint":"\/i\/trends","initialState":{"title":"Jota Melo de Miranda e Fagundes Antunes on Twitter: \"I'm at Cia. do Nado (Belo Horizonte, MG) w\/ 1 other https:\/\/t.co\/Ekpqfdrs7p\"","section":null,"module":"app\/pages\/permalink","cache_ttl":300,"body_class_names":"three-col logged-out user-style-Jota PermalinkPage","doc_class_names":"route-permalink","route_name":"permalink","page_container_class_names":"AppContent wrapper wrapper-permalink","ttft_navigation":false}}</Value>
</Feature>
</Annotation>
<Annotation Id="1151" Type="input" StartNode="138" EndNode="138">
<Feature>
  <Name className="java.lang.String">type</Name>
  <Value className="java.lang.String">hidden</Value>
</Feature>
<Feature>
  <Name className="java.lang.String">class</Name>
  <Value className="java.lang.String">swift-boot-module</Value>
</Feature>
<Feature>
  <Name className="java.lang.String">value</Name>
  <Value className="java.lang.String">app/pages/permalink</Value>
</Feature>
</Annotation>
<Annotation Id="1152" Type="input" StartNode="138" EndNode="138">
<Feature>
  <Name className="java.lang.String">type</Name>
  <Value className="java.lang.String">hidden</Value>
</Feature>
<Feature>
  <Name className="java.lang.String">value</Name>
  <Value className="java.lang.String">https://abs.twimg.com/k/swift/en-gb</Value>
</Feature>
<Feature>
  <Name className="java.lang.String">id</Name>
  <Value className="java.lang.String">swift-module-path</Value>
</Feature>
</Annotation>
<Annotation Id="1153" Type="script" StartNode="138" EndNode="138">
<Feature>
  <Name className="java.lang.String">isEmptyAndSpan</Name>
  <Value className="java.lang.String">true</Value>
</Feature>
<Feature>
  <Name className="java.lang.String">src</Name>
  <Value className="java.lang.String">https://abs.twimg.com/k/en-gb/init.en-gb.5efaa124d72839a75cb1.js</Value>
</Feature>
<Feature>
  <Name className="java.lang.String">async</Name>
  <Value className="java.lang.String"></Value>
</Feature>
</Annotation>
<Annotation Id="1154" Type="text" StartNode="60" EndNode="135">
</Annotation>
</AnnotationSet>

</GateDocument>
